Year,Mo,Dy,Hr,Mn,Sec,Tsu,Vol,LocationName,Latitude,Longitude,FocalDepth,Mag,MMIInt,Deaths,DeathDescription,Missing,MissingDescription,Injuries,Injuries Description,Damage ($Mil),Damage Description,Houses Destroyed,Houses Destroyed Description,Houses Damaged,Houses Damaged Description,Total Deaths,Total Death Description,Total Missing,Total Missing Description,Total Injuries,Total Injuries Description,Total Damage ($Mil),Total Damage Description,Total Houses Destroyed,Total Houses Destroyed Description,Total Houses Damaged,Total Houses Damaged Description
46,10,23,,,,,,CHINA:  HENAN PROVINCE:  NANYANG,33,112.5,,6.5,8,,2,,,,,,2,,2,,,,2,,,,,,2,,2,,
128,2,23,,,,,,CHINA:  GANSU PROVINCE:  GANGU,34.7,105.4,,6.5,8,,2,,,,,,2,,2,,,,2,,,,,,2,,2,,
138,3,1,,,,,,CHINA:  GANSU PROVINCE,35.8,103.5,,6.8,9,,3,,,,,,3,,3,,,,3,,,,,,3,,3,,
143,10,,,,,,,CHINA:  GANSU PROVINCE,34.7,105.3,,7,9,,1,,,,,,1,,,,,,1,,,,,,1,,,,
173,6,28,,,,29,,CHINA:  YELLOW SEA,37.5,120,,,,,,,,,,,,,,,,,,,,,,,,,,,
180,9,,,,,,,CHINA:  GANSU PROVINCE,39.4,99.5,,7.5,10,,,,,,,,,,,,,,,,,,,,,,,,
294,7,,,,,,,CHINA:  ANHUI PROVINCE:  SHOUXIAN,32.6,116.8,,5.5,7,,1,,,,,,,,,,,,1,,,,,,,,,,
294,9,,,,,,,CHINA:  BEIJING,40.3,116,,5.5,7,101,3,,,,,,,,,,,101,3,,,,,,,,,,
319,6,17,,,,,,CHINA:  GANSU PROVINCE:  XIHE,34.1,105.3,,4.5,,,2,,,,,,,,,,,,2,,,,,,,,,,
344,,,,,,,,CHINA:  HENAN PROVINCE,35.4,114.3,,,,101,3,,,,,,,,,,,101,3,,,,,,,,,,
499,8,4,,,,,,CHINA:  JIANGSU PROVINCE,32.1,118.8,,,6,,,,,,,,2,,3,,,,,,,,,,2,,3,,
512,5,21,,,,,,CHINA:  SHAANXI PROVINCE:  YINGXIAN,39.4,113.3,,7.5,10,5130,4,,,2720,4,,4,,,,,5130,4,,,2720,4,,4,,,,
600,12,13,,,,,,CHINA:  SHAANXI PROVINCE,34.3,108.9,,,7,101,3,,,,,,2,,3,,,101,3,,,,,,2,,3,,
649,9,12,,,,,,CHINA:  SHAANXI PROVINCE:  LINFEN,36.1,111.5,,5.5,7,50,1,,,,,,2,,2,,,50,1,,,,,,2,,2,,
734,3,19,,,,,,CHINA:  GANSU PROVINCE:  TIANSHUI,34.6,105.6,,7,9,101,3,,,,,,2,,3,,,101,3,,,,,,2,,3,,
777,,,,,,,,"CHINA:  HEBEI PROVINCE:  SHULU, NINGJIN",37.8,115.2,,,8,200,3,,,,,,2,,3,,,200,3,,,,,,2,,3,,
778,,,,,,,,CHINA:  HUNAN PROVINCE: HOANG KIN CHAN,28.1,111.4,,,,,3,,,,,,,,,,,,3,,,,,,,,,,
788,3,8,,,,,,"CHINA:  SHAANXI PROVINCE:  ANKANG, FANGXIAN",32.5,109.4,,6.5,8,,,,,,,,2,,3,,,,,,,,,,2,,3,,
814,4,2,,,,,,CHINA:  SICHUAN PROVINCE:  XICHANG,27.9,102.2,,7,,101,3,,,,,,1,,,,,101,3,,,,,,1,,,,
820,8,19,,,,,,CHINA:  SHAANXI PROVINCE:  FAN CHONG,37.4,112.6,,,,20,1,,,,,,,,,,,20,1,,,,,,,,,,
876,7,14,,,,,,CHINA:  NINGXIA: QINGTONGXIA,37.8,105.9,,6.5,8,,3,,,,,,2,,2,,,,3,,,,,,2,,2,,
999,8,23,,,,,,CHINA:  HUNAN PROVINCE,29,112,,,,,2,,,,,,2,,,,,,2,,,,,,2,,,,
999,10,,,,,,,CHINA:  JIANGSU PROVINCE:   CHANGZHOU,31.8,119.9,,5.5,7,,,,,,,,1,,,,,,,,,,,,1,,,,
1000,4,30,,,,,,CHINA:  SHAANXI PROVINCE,35,110,,,,62,2,,,,,,1,,,,,62,2,,,,,,1,,,,
1001,1,,,,,,,CHINA:  SHAANXI PROVINCE:  TSIN,34.3,109,,,,60,2,,,,,,,,,,,60,2,,,,,,,,,,
1022,4,,,,,,,CHINA:  SHAANXI PROVINCE:  DATONG,39.8,113.1,,6.5,8,,,,,,,,1,,1,,,,,,,,,,1,,1,,
1037,12,,,,,,,CHINA:  JIANGSU PROVINCE:  TAICHOU,32,119,,,,22391,4,,,,,,4,,,,,22391,4,,,,,,4,,,,
1038,1,9,,,,,,"CHINA:  SHAANXI PROVINCE:  DINGXIANG, XINXIAN",38.4,112.9,,7.3,10,32300,4,,,,,,4,,,,,,,,,,,,,,,,
1057,,,,,,,,CHINA:  BEIJING,39.7,116.3,,6.8,9,25000,4,,,,,,4,,,,,25000,4,,,,,,4,,,,
1067,11,,,,,,,CHINA:  GUANGDONG PROVINCE,23.6,116.5,,6.8,9,,3,,,,,,4,,,,,,3,,,,,,4,,,,
1068,8,14,,,,,,"CHINA:  HEBEI PROVINCE:  CANGZHOU, HEJIAN",38.5,116.1,,6,8,,3,,,,,,3,,3,,,,3,,,,,,3,,3,,
1102,1,15,,,,,,"CHINA:  SHANXI PROVINCE:  CHIN,HSI TAI IN TAI,YUAN",37.5,112.6,,,,,3,,,,,,3,,,,,,3,,,,,,3,,,,
1125,8,30,,,,,,CHINA:  GANSU PROVINCE,36.1,103.7,,7,9,,,,,,,,3,,3,,,,,,,,,,3,,3,,
1143,4,,,,,,,CHINA:  NINGXIA,38.5,106.3,,6,8,10000,4,,,,,,3,,3,,,10000,4,,,,,,3,,3,,
1202,7,25,,,,,,CHINA:  FUJIAN PROVINCE:  KIEN NAN CHAN,27.1,118.4,,,,,3,,,,,,,,,,,,3,,,,,,,,,,
1209,12,4,,,,,,CHINA:  SHAANXI PROVINCE:  FUSHAN,36,111.8,,6.3,9,3000,4,,,,,,3,,3,,,3000,4,,,,,,3,,3,,
1219,6,2,,,,,,CHINA:  NINGXIA,36,106.2,,6.5,9,10000,4,,,,,,4,,,,,10000,4,,,,,,4,,,,
1227,7,,,,,,,CHINA:  NINGXIA,38.5,106.3,,5.5,7,,,,,,,,1,,1,,1,,,,,,,,1,,1,,
1289,8,,,,,,,CHINA:  BEIJING,40,116.5,,,,10000,4,,,,,,4,,,,,10000,4,,,,,,4,,,,
1290,9,27,,,,,,CHINA:  NEI MONGOL:  NINGCHENG,41.5,119.3,,6.8,9,100000,4,,,,,,3,,,,,100000,4,,,,,,3,,,,
1291,8,25,,,,,,CHINA:  SHAANXI PROVINCE,36.1,111.5,,6.5,8,150,3,,,,,,3,,,,,150,3,,,,,,,,,,
1303,9,17,,,,,,CHINA:  SHANXI PROVINCE,36.3,111.7,,8,11,,4,,,,,,4,100000,4,100000,4,,4,,,,,,4,100000,4,,
1305,5,3,,,,,,"CHINA:  SHANXI PROVINCE:  HUAIREN, DATONG",39.8,113.1,,6.5,9,2000,4,,,,,,3,5800,4,,,2000,4,,,,,,3,5800,4,,
1306,9,12,,,,,,CHINA:  NINGXIA:  KAICHENG,35.9,106.1,,6.5,9,5000,4,,,,,,3,,3,,,5000,4,,,,,,3,,3,,
1310,7,,,,,,,CHINA:  HUBEI PROVINCE:  KIN MEN,31.2,112.2,,,,3466,4,,,,,,3,21829,4,21829,4,3466,4,,,,,,3,21829,4,,
1314,10,5,,,,,,CHINA:  HEBEI:  SHEXIAN,36.5,113.8,,6,8,340,3,,,,,,2,,2,,,340,3,,,,,,2,,2,,
1327,9,,,,,,,CHINA:  SICHUAN PROVINCE,30.1,102.7,,4.8,6,,1,,,,,,,,,,,,1,,,,,,,,,,
1337,9,8,,,,,,CHINA:  HEBEI:  HUAILAI,40.4,115.7,,6.5,8,,,,,,1,,1,,,,,,,,,,1,,1,,,,
1340,7,23,,,,,,CHINA:  GANSU PROVINCE:  TAO YUEN CHAN,29,111.3,,,,360,3,,,,,,1,,,,,360,3,,,,,,1,,,,
1343,7,3,,,,,,CHINA:  HUNAN PROVINCE:  NAN PI TSIN NAN,34.9,105.8,,,,,3,,,,,,,,,,,,3,,,,,,,,,,
1347,5,,,,,,,"CHINA:  SHANDONG PROVINCE:  LINTOU, CHINGCHOU",36.9,118.2,,,,,3,,,,,,3,,,,,,3,,,,,,3,,,,
1351,5,14,,,,,,CHINA:  SHANXI PROVINCE:  YUSHE,37.3,113,,5.5,7,,3,,,,,,,,,,,,3,,,,,,,,,,
1352,4,18,,,,,,CHINA:  GANSU PROVINCE,35.6,105.3,,7,9,,,,,,,,2,,2,,,,,,,,,,2,,2,,
1361,,,,,,,,CHINA:  JIANGXI PROVINCE:  YEN HI CHAN,28.8,115.3,,5,6,,3,,,,,,,,,,,,3,,,,,,,,,,
1368,7,8,,,,,,CHINA:  SHANXI PROVINCE: XUGOU,37.6,112.5,,6,7,,2,,,,,,3,,,,,,1,,,,,,3,,,,
1372,8,16,,,,,,CHINA:  JIANGSU PROVINCE:  NANJING,32,118.8,,4.8,6,16,1,,,,,,,,,,,16,1,,,,,,,,,,
1440,10,26,,,,,,CHINA:  GANSU PROVINCE:  YONGDENG,36.2,103.3,,6.3,8,200,3,,,,,,2,,2,,,200,3,,,,,,2,,2,,
1445,12,12,,,,,,CHINA:  FUJIAN PROVINCE:  ZHANGZHOU,24.5,117.6,,6.3,8,,3,,,,,,3,,3,,,,3,,,,,,3,,3,,
1478,8,17,,,,,,CHINA:  SICHUAN PROVINCE:  YANYUAN,27.5,101.6,,5.5,7,,3,,,,,,2,,2,,,,3,,,,,,2,,2,,
1481,7,15,,,,,,CHINA:  YUNNAN PROVINCE:,26.5,99.9,,6,8,,3,,,,,,3,,3,,,,3,,,,,,3,,3,,
1484,1,29,,,,,,CHINA:  BEIJING,40.5,116.5,,6.8,9,,2,,,,,,2,,2,,,,2,,,,,,2,,2,,
1487,8,10,,,,,,"CHINA:  SHAANXI PROVINCE:  LINTONG, XIANYANG",34.4,108.9,,6.3,8,1900,4,,,,,,3,,3,,,1900,4,,,,,,3,,3,,
1488,9,16,,,,,,CHINA:  SICHUAN PROVINCE:  MAOWEN,31.7,103.9,,5.5,7,,2,,,,,,1,37,1,,,,,,,,,,1,37,1,,
1494,3,24,,,,,,CHINA:  YUNNAN PROVINCE:  QUJING,25.5,103.8,,5.5,7,3,1,,,,,,2,200,2,,,3,1,,,,,,2,200,3,,
1495,4,10,,,,,,CHINA:  NINGXIA:  ZHONGWEI,37.6,105.6,,6.3,8,,,,,12,1,,2,50,1,,,,,,,12,1,,2,50,1,,
1499,,,,,,,,CHINA:  YUNNAN PROVINCE:  YI LIANG,25,103,,,,10000,4,,,,,,4,,,,,10000,4,,,,,,4,,,,
1500,1,4,,,,,,CHINA:  YUNNAN PROVINCE:  YILIANG,24.9,103.1,,,9,10000,4,,,,,,,,,,,10000,4,,,,,,,,,,
1501,1,19,,,,,,CHINA:  SHAANXI PROVINCE:  CHAOYI,34.8,110.1,,7,9,400,3,,,,,,4,5400,4,,,400,3,,,,,,4,5400,4,,
1502,10,17,,,,,,CHINA:  HENAN PROVINCE:  PUCHENG,35.7,115.3,,6.5,8,50,1,,,,,,2,,,,,50,1,,,,,,,,,,
1505,10,16,,,,,,"CHINA:  SHANXI PROVINCE:  ANYI, GUEHENG",35.2,110.9,,5,6,,2,,,,,,,,,,,,2,,,,,,,,,,
1507,11,4,,,,,,"CHINA:  YUNNAN PROVINCE:  ANNING, YUXI",24.6,102.5,,5.3,6,,2,,,,,,,,,,,,2,,,,,,,,,,
1509,6,17,,,,151,,CHINA:  E. CHINA SEA,31.5,121.5,,,,,,,,,,,,,,,,,,,,,,,,,,,
1511,11,17,,,,,,CHINA:  YUNNAN PROVINCE,26.6,100,,5.8,7,,2,,,,,,,,,,,,2,,,,,,,,,,
1512,10,8,,,,,,CHINA:  YUNNAN PROVINCE,25,98.5,,6.5,8,,,,,,,,3,,3,,,,3,,,,,,3,,3,,
1514,9,14,,,,,,CHINA:  YUNNAN PROVINCE,25.1,99.1,,5.5,7,,3,,,,,,,,,,,,3,,,,,,,,,,
1515,6,17,,,,,,CHINA:  YUNNAN PROVINCE:  HEQING,26.6,100.2,,7,9,100,2,,,,,,3,,3,,,100,2,,,,,,3,,3,,
1515,10,23,,,,,,CHINA:  YUNNAN PROVINCE:  DALI,25.7,100.2,,,8,200,3,,,,,,3,,3,,,200,3,,,,,,3,,3,,
1517,7,12,,,,,,CHINA:  YUNNAN PROVINCE,24.1,102.6,,5.5,7,,2,,,,,,1,,1,,,,2,,,,,,1,,1,,
1520,3,26,,,,,,CHINA:  YUNNAN:  WEISHAN,25.3,100.3,,5.5,7,,3,,,,,,1,,,,,,,,,,,,,,,,
1531,1,,,,,3575,,CHINA:  JIANGSU PROVINCE,30.7,117.5,,4.8,6,,,,,,,,1,,,,,,,,,,,,1,,,,
1535,5,,,,,,,CHINA:  FUJIAN:  CHANGTING,25.8,116.4,,5,,,3,,,,,,1,,,,,,3,,,,,,1,,,,
1536,3,19,,,,,,CHINA:  SICHUAN:  N OF XICHANG,28.1,102.1,,7.3,10,3,3,,,,,,3,,3,,,,3,,,,,,3,,3,,
1539,8,8,,,,,,CHINA:  YUNNAN PROVINCE:  JIANGSHUI,23.6,102.8,,5.5,7,,2,,,,,,,,,,,,2,,,,,,,,,,
1545,,,,,,,,CHINA:  SHAANXI PROVINCE:  HIAO YI,37.2,111.7,,,,,3,,,,,,,,,,,,3,,,,,,,,,,
1551,,,,,,,,CHINA:  GUIZHOU PROVINCE:  QINGLONG,25.8,105.2,,5,6,,3,,,,,,,,,,,,3,,,,,,,,,,
1556,1,23,,,,,,CHINA:  SHAANXI PROVINCE,34.5,109.7,,8,11,830000,4,,,,,,4,,,,,830000,4,,,,,,4,,,,
1560,4,,,,,,,CHINA:  YUNNAN PROVINCE:  YILIANG,24.9,103.2,,5.5,7,,4,,,,,,3,,3,,,,4,,,,,,3,,3,,
1560,,,,,,,,CHINA:  YUNNAN PROVINCE,24.2,102.7,,5.5,7,100,3,,,,,,2,,2,,,100,3,,,,,,2,,2,,
1561,7,25,,,,,,CHINA:  NINGXIA:  E OF ZHONGWEI,37.5,106.2,,7.3,10,1001,4,,,,,,4,,,,,1001,4,,,,,,4,,,,
1561,8,4,,,,,,"CHINA:  SHAANXI,GANSU,AND SHANXI PROVINCES",38,112,,,,,4,,,,,,3,,,,,,4,,,,,,3,,,,
1568,4,25,,,,,,"CHINA:  HEBEI PROVINCE:  QIANAN, LAOTING",39,119,,6,,,,,,,,,3,,,,,,,,,,,,3,,,,
1568,5,15,,,,,,CHINA:  SHAANXI PROVINCE:  XIAN,34.4,109,,6.8,9,200,3,,,,,,2,,,,,200,3,,,,,,2,,,,
1571,9,9,,,,,,CHINA:  YUNNAN PROVINCE:  TONGHAI,24.1,102.7,,6,8,,2,,,,,,3,1000,4,,,,2,,,,,,3,1000,4,,
1573,1,10,,,,,,CHINA:  GANSU PROVINCE:  MINXIAN,34.4,104,,6.8,9,,3,,,,,,3,,3,,,,3,,,,,,3,,3,,
1577,3,13,,,,,,CHINA:  YUNNAN:  TENGCHONG,25,98.6,,6.5,8,170,3,,,,,,2,,,,,,,,,,,,,,,,
1579,12,21,,,,,,CHINA:  YUNNAN PROVINCE:  BAOSHAN,25.1,99.9,,5,6,10,1,,,,,,1,,,,,10,1,,,,,,1,,,,
1586,4,2,,,,,,CHINA:  YUNNAN PROVINCE:  WEISHAN,25.3,100.3,,5.5,7,20,1,,,,,,1,,1,,,20,1,,,,,,1,,1,,
1588,8,9,,,,,,"CHINA:  YUNNAN PROVINCE:  TONGHAI, QUJIANG",24,102.8,,6,8,,2,,,,,,,,,,,,,,,,,,,,,,
1590,7,7,,,,,,CHINA:  GANSU PROVINCE,35.4,103.9,,5.5,7,,3,,,,,,3,,,,,,3,,,,,,3,,,,
1600,9,29,,,,,,CHINA:  GUANGDONG PROVINCE,23.5,117.2,,7,9,,3,,,,2,,3,,3,,,,3,,,,2,,3,,3,,
1604,12,29,,,,3548,,CHINA:  FUJIAN PROVINCE:  OFF COAST,25,119.5,,8,9,,,,,,1,,3,,3,,,,,,,,1,,3,,3,,
1605,7,13,,,,5798,,CHINA:  GUANGDONG PROVINCE,19.9,110.5,,7.5,10,2000,4,,,,,,4,,4,,4,2000,4,,,,,,4,,4,,4
1606,11,30,,,,,,CHINA:  YUNNAN PROVINCE:  JIANSHUI,23.6,102.8,,6.5,9,2000,4,,,,,,4,,4,,,2000,4,,,,,,4,,4,,
1609,7,12,,,,,,CHINA:  GANSU:  JIUQUAN,39.2,99,,7.3,10,840,3,,,,,,3,,3,,,840,3,,,,,,3,,3,,
1611,9,9,,,,,,CHINA:  GUANGDONG PROVINCE,21.5,111.3,,5.5,7,2,1,,,,,,1,,2,,,2,1,,,,,,1,,2,,
1614,10,23,,,,,,CHINA:  SHAANXI PROVINCE,37.2,112.5,,6.5,8,,1,,,,,,3,,3,,,,1,,,,,,3,,3,,
1618,5,20,,,,,,CHINA:  SHANXI PROVINCE,37,111.9,,6.5,8,,3,,,,,,3,,3,,,,,,,,,,3,,3,,
1621,3,,,,,,,CHINA:  HEBEI PROVINCE,39.5,116.7,,5.5,7,,1,,,,,,1,,1,,,,1,,,,,,1,,1,,
1622,10,25,,,,,,"CHINA:  NINGXIA:  PINGLIANG, LONGDE",36.5,106.3,,7,10,12000,4,,,,,,4,11800,4,,,12000,4,,,,,,4,11800,4,,
1626,6,28,,,,,,CHINA:  SHANXI PROVINCE,39.4,114.2,,7,9,5200,4,,,,,,4,,4,,,5200,4,,,,,,4,,4,,
1627,2,15,,,,,,CHINA:  NINGXIA,37.5,105.5,,6,8,,2,,,,,,1,,1,,,,2,,,,,,1,,1,,
1628,10,6,,,,,,CHINA:  HEBEI PROVINCE,40.6,114.2,,6.3,8,63,2,,,,,,3,,3,,,63,2,,,,,,3,,3,,
1630,1,16,,,,,,CHINA:  SICHUAN PROVINCE,32.6,104.1,,6.3,8,,2,,,,,,1,,,,,,2,,,,,,1,,,,
1631,7,21,,,,,,CHINA:  GANSU PROVINCE:  LINTAO,35.3,104.3,,6,5,,1,,,,,,1,,,,,,1,,,,,,1,,,,
1631,7,,,,,,,CHINA:  NINGXIA,35.5,107.8,,5,6,,,,2,,,,,,,,,,2,,,,,,,,,,
1631,8,14,,,,,,CHINA:  HUNAN PROVINCE,29.3,111.7,,6.5,8,,4,,,,,,4,,4,,,,4,,,,,,4,,4,,
1634,1,,,,,,,CHINA:  GANSU PROVINCE:  XIHE,34.1,105.3,,6,8,30,1,,,,,,3,,3,,,30,1,,,,,,3,,3,,
1634,3,,,,,3549,,CHINA:  HUBEI PROVINCE,30.7,115.1,,5.5,7,,,,,,,,1,,,,,,,,,,,,1,,,,
1634,12,,,,,,,CHINA:  GANSU PROVINCE:  LINGTAI,35.1,107.6,,5.5,7,,,,,,3,,1,,,,,,,,,,3,,1,,,,
1640,9,16,,,,254,,CHINA:  GUANGDONG PROVINCE,23,117,,,,,,,,,,,,,,,,,,,,,,,,,,,
1641,11,26,,,,,,CHINA:  GUANGDONG PROVINCE,23.5,116.5,,5.8,7,,1,,,,,,1,,1,,,,1,,,,,,1,,1,,
1642,6,30,,,,,,CHINA:  SHANXI PROVINCE,35.1,111.1,,6,8,,2,,,,,,1,,1,,,,2,,,,,,,,1,,
1652,7,13,,,,,,CHINA:  YUNNAN PROVINCE:  MIDU,25.4,100.5,,6.8,9,3000,4,,,,,,4,,4,,,3000,4,,,,,,4,,4,,
1654,7,21,,,,,,CHINA:  GANSU PROVINCE:  TIANSHUI,34.3,105.5,,8,11,10400,4,,,,,,4,,4,,,10400,4,,,,,,4,,4,,
1657,4,21,,,,,,CHINA:  SICHUAN PROVINCE,31.5,103.6,,6,8,,3,,,,,,3,,3,,,,3,,,,,,3,,3,,
1658,2,3,,,,,,CHINA:  HEBEI PROVINCE,39.4,115.7,,6,8,,3,,,,,,2,,2,,,,3,,,,,,2,,2,,
1664,,,,,,,,CHINA:  SHANXI PROVINCE,38.7,112.7,,5.5,7,,3,,,,,,,,,,,,3,,,,,,,,,,
1668,7,25,,,,300,,CHINA:  SHANDONG PROVINCE,35.3,118.6,,8.5,12,42578,4,,,,,,4,,4,,,42578,4,,,,,,4,,4,,
1670,8,19,,,,304,,CHINA:  SHANGHAI,33,122.5,,6.8,,,,,,,,,,,,,,,3,,,,,,,,,,
1677,9,,,,,,,CHINA:  GANSU PROVINCE,33.4,104.8,,5.5,7,,3,,,,,,1,,,,,,3,,,,,,1,,,,
1679,9,2,,,,,,CHINA:  HEBEI PROVINCE,40,117,,8,11,13162,4,,,,,,4,,4,,,13162,4,,,,,,4,,4,,
1679,12,16,,,,,,CHINA:  JIANGSU PROVINCE,31.4,119.5,,5,7,,1,,,,,,1,,1,,,,1,,,,,,1,,1,,
1680,9,9,,,,,,CHINA:  YUNNAN PROVINCE,25,101.5,,6.8,9,2700,4,,,,,,3,,3,,,2700,4,,,,,,3,,3,,
1683,11,22,,,,,,CHINA:  SHANXI PROVINCE,38.7,112.7,,7,9,1001,4,,,,,,4,,4,,,1001,4,,,,,,4,,4,,
1688,6,14,,,,,,CHINA:  YUNNAN PROVINCE,26.5,99.9,,6.3,8,190,3,,,,,,2,,3,,,190,3,,,,,,2,,3,,
1695,5,18,,,,,,CHINA:  SHANXI PROVINCE:  LINFEN,36,111.5,,8,10,20000,4,,,,,,4,,4,,,20000,4,,,,,,4,,4,,
1704,9,18,,,,,,"CHINA:  HEBEI PROVINCE:  DONGGUANG, CANGXIAN",38,116.5,,5.5,7,,3,,,,,,2,,2,,,,3,,,,,,2,,2,,
1704,9,28,,,,,,CHINA:  SHAANXI PROVINCE:  LONGXIAN,34.9,106.8,,6,8,,4,,,,,,3,,3,,,,4,,,,,,3,,3,,
1709,10,14,,,,,,CHINA:  NINGXIA,37.4,105.3,,7.5,10,2032,4,,,,,,4,,4,,,2032,4,,,,,,4,,4,,
1710,4,16,,,,3576,,CHINA:  HUNAN PROVINCE,27.8,111.3,,5.5,7,,,,,,,,2,,3,,,,,,,,,,2,,3,,
1713,2,26,,,,,,CHINA:  YUNNAN PROVINCE:  S OF XUNDIAN,25.4,103.2,,6.8,9,2100,4,,,,,,4,,4,,,2100,4,,,,,,4,,4,,
1713,9,4,,,,,,"CHINA:  SICHUAN PROVINCE:  DIEXI, MAOXIAN",32,103.7,,6.5,8,,3,,,,,,1,,1,,,,3,,,,,,1,,1,,
1716,,,,,,,,"CHINA:  S XINJIANG:  AKSU, BALKHASH",41.2,80.3,30,7.5,9,,,,,,,,3,,,,,,,,,,,,3,,,,
1718,6,19,,,,,,CHINA:  GANSU PROVINCE,35,105.2,,7.5,10,73000,4,,,,,,4,,4,,,73000,4,,,,,,4,,4,,
1720,7,12,,,,,,CHINA:  HEBEI PROVINCE,40.4,115.5,,6.8,9,,3,,,,,,2,,2,,,,2,,,,,,2,,2,,
1725,1,8,,,,,,"CHINA:  YUNNAN PROVINCE:   SONGMING, YILIANG",25.1,103.1,,6,8,614,3,,,184,3,,3,,3,,,614,3,,,184,3,,3,,3,,
1725,8,2,,,,,,CHINA:  SICHUAN PROVINCE:  KANGDING,30.1,101.9,,5.5,7,,4,,,,,,2,,,,,,4,,,,,,2,,,,
1730,9,30,,,,,,CHINA:  BEIJING,40,116.2,,6.5,8,658,3,,,,,,4,26000,4,,,658,3,,,,,,4,26000,4,,
1733,8,2,,,,,,CHINA:  YUNNAN PROVINCE:  DONGCHUAN,26.2,103.1,,7.5,10,,2,,,,,,2,,2,,,,2,,,,,,2,,2,,
1738,5,19,,,,,,CHINA:  SICHUAN PROVINCE,33.2,104.2,,5.5,7,,2,,,,,,2,,2,,,,2,,,,,,2,,2,,
1738,,,,,,,,CHINA:  QINGHAI PROVINCE,33.3,96.6,,6.5,8,336,3,,,,,,,,,,,336,3,,,,,,,,,,
1739,1,3,,,,,,CHINA:  NINGXIA,38.9,106.5,,8,10,50000,4,,,,,,4,,4,,,50000,4,,,,,,4,,4,,
1748,3,6,,,,,,CHINA:  SICHUAN PROVINCE,30.1,101.9,,5.5,7,15,1,,,,,,1,14,1,,,15,1,,,34,1,,1,14,,,
1748,5,2,,,,,,CHINA:  SICHUAN PROVINCE,32.9,103.6,,5.5,7,,,,,,,,2,,,,,,,,,,,,2,,,,
1748,8,30,,,,,,CHINA:  SICHUAN PROVINCE,30.4,101.6,,6,7,5,1,,,,,,1,72,2,,,5,1,,,,,,1,72,2,,
1748,11,21,,,,,,CHINA:  NINGXIA,36.4,106.1,,5.5,7,40,1,,,,,,2,130,3,,,40,1,,,,,,2,130,3,,
1750,9,15,,,,,,CHINA:  YUNNAN PROVINCE,24.7,102.9,,6,8,37,1,,,,,,2,,2,,,37,1,,,,,,2,,2,,
1751,5,25,,,,,,CHINA:  YUNNAN PROVINCE,26.5,99.9,,6.8,9,900,3,,,,,,4,15712,4,,,900,3,,,,,,4,15712,4,,
1755,1,27,,,,,,CHINA:  YUNNAN PROVINCE,24.7,102.2,,6.5,8,270,3,,,80,2,,3,4040,4,,,270,3,,,80,2,,3,4040,4,,
1755,2,8,,,,,,CHINA:  YUNNAN PROVINCE,23.8,102.7,,6,8,70,2,,,20,1,,2,700,3,,,70,2,,,20,1,,2,700,3,,
1761,5,23,,,,,,CHINA:  YUNNAN PROVINCE,24.4,102.5,,6,8,120,3,,,120,3,,3,1900,4,,,120,3,,,120,3,,3,1900,4,,
1761,11,3,,,,,,CHINA:  YUNNAN PROVINCE,24.4,102.5,,6,7,50,1,,,30,1,,2,960,3,,,50,1,,,30,1,,2,960,3,,
1763,12,30,,,,,,CHINA:  YUNNAN PROVINCE,24.3,102.8,,6.5,8,1000,3,,,,,,4,4500,4,,,1000,1,,,,,,4,4500,4,,
1765,9,2,,,,,,"CHINA:  GANSU PROVINCE:  WUSHAN, GANGU",34.8,105,,6.5,9,2068,4,,,,,,4,74748,4,,,2068,4,,,,,,4,74748,4,,
1767,11,22,,,,494,,CHINA:  MACAU,22.2,113.55,,,,,,,,,,,,,,,,,,,,,,,,,,,
1770,9,26,,,,,,CHINA:  YUNNAN PROVINCE,24.6,99.9,,5.5,7,,,,,,,,1,80,2,,,,,,,,,,1,80,2,,
1785,4,18,,,,,,CHINA:  GANSU PROVINCE:  HUIHUIPU,39.9,98,,6,8,36,1,,,,,,2,,2,,,36,1,,,,,,2,,2,,
1786,6,1,,,,,,CHINA:  SICHUAN PROVINCE:  S OF KANGDING,29.8,102.1,,7.5,9,435,3,,,,,,3,,3,,,435,3,,,,,,3,,3,,
1786,6,18,,,,,,CHINA:  XINJIANG,44,80.8,,6,8,,,,,,,,2,,3,,,,,,,,,,2,,3,,
1789,6,7,,,,,,"CHINA:  YUNNAN PROVINCE:  TONGHAI, HUANING",24.2,102.8,,6.5,9,,3,,,,3,,3,,3,,,,3,,,,3,,3,,3,,
1789,11,7,,,,,,CHINA:  SHAANXI PROVINCE:  TONGGUAN,34.6,110.3,,5,6,,2,,,,,,1,,1,,,,2,,,,,,1,,1,,
1791,4,8,,,,,,CHINA:  FUJIAN PROVINCE,24.5,117.7,,5.5,7,,,,,,,,2,,3,,,,,,,,,,2,,3,,
1792,9,7,,,,,,CHINA:  SICHUAN PROVINCE:  N OF QIANNING,31,101.5,,6,8,205,3,,,,,,2,,3,,,205,3,,,,,,2,,3,,
1793,5,15,,,,,,CHINA:  SICHUAN PROVINCE:  NEAR QIANNING,30.6,101.5,,6,8,200,3,,,30,1,,2,,3,,,200,3,,,30,1,,2,,3,,
1799,8,27,,,,,,CHINA:  YUNNAN PROVINCE,23.8,102.4,,6.5,9,2000,4,,,,,,4,15236,4,,,2000,4,,,,,,4,15236,4,,
1803,2,1,,,,,,CHINA:  YUNNAN PROVINCE,25.6,100.6,,6,8,200,3,,,,,,2,,2,,,,,,,,,,2,,2,,
1806,6,11,,,,,,CHINA:  TIBET (XIZANG PROVINCE):  SHANNAN (LHOKA),28.5,92,,7.7,,100,2,,,,,,2,,3,,,100,2,,,,,,2,,3,,
1811,9,27,,,,,,CHINA:  SICHUAN PROVINCE:  E. OF GANZE,31.7,100.3,,6.5,8,480,3,,,,,,2,598,3,,,480,3,,,,,,2,598,3,,
1812,3,8,,,,,,CHINA:  XINJIANG PROVINCE,43.7,83,,8,,,4,,,,,,,,,,,,4,,,,,,,,,,
1814,2,4,,,,,,CHINA:  HENAN PROVINCE,35.8,114.4,,5.3,7,4,1,,,,3,,1,,2,,,4,1,,,,3,,1,,2,,
1814,11,24,,,,,,CHINA:  YUNNAN PROVINCE:  SIPING,23.7,102.5,,6,8,900,3,,,,,,3,900,3,,,900,3,,,,,,3,900,3,,
1815,10,23,,,,,,CHINA:  SHANXI PROVINCE,34.8,111.2,,6.8,9,13000,4,,,,,,4,20000,4,,,13000,4,,,,,,4,20000,4,,
1816,12,8,,,,,,CHINA:  SICHUAN PROVINCE,31.4,100.7,,6.5,8,2854,4,,,,,,3,1104,4,,,2854,4,,,,,,3,1104,4,,
1819,2,24,,,,,,CHINA: QINGHAI PROVINCE,36.1,102.3,,5.8,7,126,3,,,58,2,,2,108,3,108,3,126,3,,,58,2,,2,108,3,,
1820,8,3,,,,,,CHINA:  HENAN PROVINCE,34.1,113.8,,6,8,430,3,,,590,3,,4,26040,4,,,,,,,590,3,,4,26040,4,,
1822,6,18,,,,,,CHINA:  GANSU PROVINCE,33,104.6,,5.5,7,23,1,,,20,1,,1,70,2,,,12,1,,,20,1,,1,70,2,,
1827,3,23,,,,,,CHINA:  SHANXI PROVINCE,34.9,111.1,,5.3,7,84,2,,,,2,,1,55,2,,,84,2,,,,2,,1,55,2,,
1829,11,18,,,,,,CHINA:  ANHUI PROVINCE,33.2,117.9,,5.5,7,,3,,,,,,3,,3,,,,3,,,,,,3,,3,,
1829,11,19,,,,,,CHINA:  SHANDONG PROVINCE,36.6,118.5,,6,8,200,3,,,,,,2,,2,,,200,3,,,,,,2,,2,,
1830,6,12,,,,,,CHINA:  HEBEI PROVINCE,36.4,114.2,,7.5,10,7477,4,,,,4,,4,200000,4,,,7477,4,,,,4,,4,200000,4,,
1831,9,28,,,,,,CHINA:  ANHUI PROVINCE,32.8,116.8,,6.3,8,33,1,,,,,,1,,1,,,33,1,,,,,,1,,1,,
1833,9,6,,,,3578,,CHINA:  YUNNAN PROVINCE,25.2,103,,8,11,6700,4,,,,,,4,87620,4,,,6700,4,,,,,,4,87620,4,,
1834,4,11,,,,,,CHINA:  YUNNAN PROVINCE,24.9,103,,5,6,,1,,,,,,1,,,,,,1,,,,,,1,,,,
1834,,,,,,,,CHINA:  TIBET (XIZANG PROVINCE),28.6,87.1,,6,8,,3,,,,,,,,1,,,,3,,,,,,1,,1,,
1834,,,,,,,,CHINA:  QINGHAI PROVINCE,33,97,,5.5,7,88,2,,,,,,,,,,,88,2,,,,,,,,,,
1837,9,10,,,,,,CHINA:  GANSU PROVINCE,34.6,103.7,,6,8,37,1,,,,,,2,941,3,,,37,1,,,,,,2,941,3,,
1839,2,7,,,,,,CHINA:  YUNNAN PROVINCE,26.1,99.9,,6,8,100,2,,,,,,2,600,3,,,100,2,,,,,,2,600,3,,
1839,2,23,,,,,,CHINA:  YUNNAN PROVINCE,26.1,99.9,,6,8,129,3,,,18,1,,2,1667,4,,,129,3,,,18,1,,2,1667,4,,
1842,6,11,,,,,,CHINA: XINJIANG PROVINCE,43.6,93,,7,9,,2,,,,3,,3,5460,4,,,,2,,,,3,,3,5460,4,,
1850,9,12,,,,,,CHINA:  SICHUAN:  XICHANG,27.8,102.3,,7.5,10,20650,4,,,,,,4,,,,,20650,4,,,,,,4,,,,
1850,,,,,,,,CHINA:  GANSU PROVINCE:  WUSBAN,34.7,104.9,,5,6,,2,,,,,,1,,1,,,,2,,,,,,1,,1,,
1852,5,26,,,,,,CHINA: NINGXIA,37.5,105.2,,6,8,300,3,,,400,3,,3,20000,4,,,300,3,,,400,3,,3,20000,4,,
1854,12,24,,,,,,CHINA: SICHUAN PROVINCE,29.1,107.1,,5.5,7,,3,,,,,,2,,2,,,,3,,,,,,2,,2,,
1855,12,11,,,,,,CHINA:  LIAONING PROVINCE,39.1,121.6,,5.5,7,7,1,,,,,,2,560,3,,,7,1,,,,,,2,560,3,,
1855,,,,,,3567,,CHINA:  SICHUAN PROVINCE,29.2,108.1,,4.8,6,,,,,,,,1,,,,,,,,,,,,1,,,,
1856,6,10,,,,,,CHINA:  HUBEI PROVINCE,29.7,108.8,,5.5,7,300,3,,,,,,2,,,,,300,3,,,,,,,,,,
1861,7,19,,,,,,CHINA:  LIAONING PROVINCE,39.1,121.7,,6,8,2,1,,,8,1,,2,780,3,,,2,1,,,8,1,,2,780,3,,
1862,12,23,,,,,,CHINA:  SHANXI PROVINCE,35.5,111.5,,5.5,7,,2,,,,,,2,,3,,,,2,,,,,,2,,3,,
1863,4,,,,,,,CHINA:  YUNNAN PROVINCE,26,100.1,,5.5,7,,3,,,,,,3,,3,,,,3,,,,,,3,,3,,
1863,9,25,,,,,,CHINA:  XINJIANG,43.8,87.6,,5.5,7,9,1,,,10,1,,,,,,,9,1,,,10,1,,,,,,
1868,10,30,,,,,,CHINA:  ANHUI PROVINCE,32.4,117.8,,5.5,7,,2,,,,,,,,,,,,2,,,,,,,,,,
1870,4,11,,,,,,CHINA:  SICHUAN PROVINCE:  BATANG,30,99,,7.3,10,2300,4,,,,,,4,,4,,,2300,4,,,,,,4,,4,,
1876,8,5,,,,,,CHINA:  YUNNAN PROVINCE,25.4,99.4,,6,8,,,,,60,2,,2,,3,,,,,,,60,2,,2,,3,,
1878,8,7,,,,,,CHINA:  YUNNAN PROVINCE,27.7,100.8,,5.5,7,70,2,,,,,,3,,3,,,70,2,,,,,,3,,3,,
1879,7,1,,,,,,CHINA:  GANSU PROVINCE,33.2,104.7,,8,11,22000,4,,,,4,,4,,4,,,22000,4,,,,4,,4,,4,,
1880,6,22,,,,,,CHINA:  GANSU PROVINCE:   WENXIAN,33,104.6,,5.5,8,8,1,,,9,1,,2,,,,,8,1,,,9,1,,2,,,,
1881,7,20,,,,,,CHINA:  GANSU PROVINCE,33.6,104.6,,6.5,8,480,3,,,,,,3,4800,4,,,480,3,,,,,,3,4800,4,,
1882,12,2,,,,,,CHINA:  HEBEI PROVINCE,38.1,115.5,,5.8,8,11,1,,,,,,3,,3,,,11,1,,,,,,3,,3,,
1883,6,23,,,,,,CHINA:  SHANXI PROVINCE,37.9,112.5,,5.5,7,,,,,,,,2,,3,,,,,,,,,,2,,3,,
1884,11,14,,,,,,CHINA:  YUNNAN PROVINCE,23,101.1,,6.5,8,17,1,,,80,2,,2,,3,,,17,1,,,80,2,,2,,3,,
1885,1,14,,,,,,CHINA:  GANSU PROVINCE,34.5,105.7,,6,8,80,2,,,,,,2,1001,4,,,80,2,,,,,,2,1001,4,,
1885,12,22,,,,,,CHINA:   YUNNAN PROVINCE,25,104,,5,6,4,1,,,,2,,1,,1,,,4,1,,,,2,,1,,1,,
1887,12,16,,,,,,CHINA:  YUNNAN PROVINCE,23.7,102.5,,6.8,9,2000,4,,,3000,4,,3,,3,,,2000,4,,,3000,4,,3,,3,,
1888,3,11,,,,,,CHINA:  QINGHAI PROVINCE,36.5,102.2,,5,6,,1,,,,1,,1,,2,,2,,1,,,,1,,1,,2,,
1888,6,13,,,,3568,,CHINA:  BOHAI GULF,38.5,119,,7.5,,,1,,,,,,3,,3,,,,,,,,,,3,,3,,
1888,11,2,,,,,,CHINA:  GANSU PROVINCE,37.1,104.2,,,8,,3,,,,,,3,,3,,,,3,,,,,,3,,3,,
1890,,,,,,,,CHINA:  SHANXI PROVINCE,36.9,112.9,,5.5,7,,,,,,,,2,,3,,,,,,,,,,2,,3,,
1891,4,17,,,,,,CHINA:  SHANXI PROVINCE,37.1,111.9,,5.8,7,31,1,,,,,,1,,2,,,31,1,,,65,2,,1,,2,,
1893,6,1,,,,,,CHINA:  QINGHAI PROVINCE,36.6,101.8,,5.5,7,,3,,,,,,2,300,3,300,3,,3,,,,,,2,300,3,,
1893,8,29,,,,,,CHINA:  SICHUAN PROVINCE,30.5,101.5,,6.8,9,288,3,,,133,3,,3,,3,,,288,3,,,133,3,,3,,3,,
1893,12,17,,,,,,CHINA: XINJIANG,41.7,82.8,,6.8,9,90,2,,,32,1,,3,556,3,,,90,2,,,32,1,,3,556,3,,
1893,12,25,,,,,,CHINA: XINJIANG,41.2,80.3,,6.5,8,,3,,,,3,,2,,3,,,,3,,,,3,,2,,3,,
1895,8,30,,,,,,CHINA: GUANGDONG PROVINCE,23.5,116.5,,6,8,,2,,,14,1,,2,,3,,,,2,,,14,1,,2,,3,,
1896,2,14,,,,,,CHINA:  SICHUAN PROVINCE:  FUSHUN,29.2,104.9,,5.8,7,26,1,,,12,1,,2,,3,,3,26,1,,,12,1,,2,,3,,
1896,3,5,,,,,,CHINA:  XINJIANG,38,76,,6.5,,7,1,,,4,1,,1,42,1,42,1,7,1,,,4,1,,1,42,1,,
1896,11,1,5,1,,,,CHINA:  XINJIANG PROVINCE:  KASHGAR,39.7,75.9,25,6.6,8,7,1,,,5,1,,2,73,2,73,2,7,1,,,5,1,,2,73,2,,
1898,6,21,,,,,,CHINA: XINJIANG,39.8,76.6,,6,8,47,1,,,85,2,,2,425,3,,,47,1,,,85,2,,2,425,3,,
1898,9,22,,,,,,CHINA:  SHANXI PROVINCE,39.1,113,,5.5,7,12,1,,,,2,,2,570,3,,,12,1,,,,2,,2,570,3,,
1901,2,15,,,,,,CHINA:  YUNNAN PROVINCE,26,100.1,,6,8,,3,,,,,,3,,3,,,,3,,,,,,3,,3,,
1902,8,22,3,,,,,"CHINA:  XINJIANG, TURKESTAN",39.88,76.2,30,7.7,10,2500,4,,,,,,4,,4,,4,2500,4,,,,,,4,,4,,
1902,8,,,,,,,CHINA:   YUNNAN PROVINCE,26.3,99.9,,5.5,7,6,1,,,,,,2,,3,,3,6,1,,,,,,2,,3,,
1904,8,30,,,,,,CHINA:  SICHUAN PROVINCE,31.2,100.9,,6,8,400,3,,,,,,2,,3,,,400,3,,,,,,2,,3,,
1905,11,8,3,27,,,,CHINA:  SICHUAN PROVINCE,29.3,104.8,,5,6,13,1,,,,1,,1,3,1,3,1,13,1,,,,1,,1,3,1,,
1906,1,7,,,,,,CHINA:  YUNNAN PROVINCE,26.6,104.1,,5.5,7,,3,,,,,,2,,3,,,,3,,,,,,2,,3,,
1906,3,28,,,,,,CHINA:  FUJIAN PROVINCE,24.5,118.5,,6.5,8,,3,,,,2,,2,,2,,,,3,,,,3,,2,,2,,
1906,5,,,,,,,CHINA:  YUNNAN PROVINCE,24.6,98.6,,5.3,7,1,1,,,,,,2,,3,,,1,1,,,,,,2,,3,,
1906,12,22,18,21,,,,CHINA:  XINJIANG PROVINCE,43.5,85,33,8.3,9,280,3,,,,,,3,2000,4,,,280,3,,,,,,3,2000,4,,
1909,5,11,15,54,24,,,CHINA:  YUNNAN PROVINCE,24.4,103,,6.5,8,21,1,,,,,,2,,3,,,21,1,,,,,,2,,3,,
1910,1,8,14,49,30,,,CHINA:  YELLOW SEA,35,122,,6.8,,,,,,,,,2,,3,,,,,,,,,,2,,3,,
1911,1,26,,,,,,CHINA:  HEBEI PROVINCE,39.8,114.5,,5.5,7,,1,,,,1,,2,,3,,,,1,,,,1,,2,,3,,
1911,5,14,,,,,,CHINA:  GUANGDONG PROVINCE,23,115.3,,5.5,7,,,,,,,,2,,3,,,,,,,,,,2,,3,,
1913,8,,,,,,,CHINA:  SICHUAN PROVINCE,28.4,102.3,,6,8,,2,,,,,,2,,2,,,,2,,,,,,2,,2,,
1913,12,21,15,37,38,,,CHINA:  YUNNAN PROVINCE,24.15,102.45,10,7,9,942,3,,,112,3,,3,,4,,,942,3,,,112,3,,3,,4,,
1914,8,4,22,41,6,,,CHINA:  XINJIANG WEIWUER ZIZHIQU PROVINCE(SINKIANG),43.5,91.5,,7.5,8,1,1,,,,,,1,,2,,,1,1,,,,,,1,,2,,
1915,12,3,2,39,19,,,CHINA:  TIBET (XIZANG PROVINCE),29.5,91.5,,7,9,170,3,,,,,,2,,3,,,170,3,,,,,,2,,3,,
1917,1,24,0,48,12,,,CHINA:  ANHUI PROVINCE:,31.3,116.2,,6.3,8,,3,,,,,,3,,3,,,,3,,,,,,3,,3,,
1917,1,25,,,,1440,,CHINA:  FUJIAN PROVINCE: OFF COAST,24.47,118.08,,6.5,,,,,,,,,,,,,,,,,,,,,1,,,,
1917,7,30,23,54,5,,,CHINA:  YUNNAN PROVINCE,28,104,33,6.8,9,1800,4,,,,,,4,,4,,,1800,4,,,,,,4,,4,,
1917,7,31,3,23,10,,,CHINA:  JILIN PROVINCE,42.5,131,460,7.5,,,,,,,,,,,,,,,,,,,,,,,,,
1918,2,13,6,7,13,1451,,CHINA:  GUANGDONG PROVINCE,23.5,117.2,23,7.3,10,2000,4,,,,4,,4,,4,,,2000,4,,,,4,,4,,4,,
1918,8,14,,,,3579,,CHINA:  YUNNAN PROVINCE,26.9,103,,5.5,7,,,,,,,,1,,,,,,,,,,,,1,,,,
1920,12,16,12,5,54.7,3541,,"CHINA:  GANSU PROVINCE, SHANXI PROVINCE",36.601,105.317,25,8.3,12,200000,4,,,,,25,4,,,,,200000,4,,,,,25,4,,,,
1921,8,4,,,,3537,,"CHINA:   LIAONING PROVINCE:  XIAOSI, DANDONG",40.13,124.38,,,,,,,,,,,1,,3,,,,,,,,,,2,,3,,
1923,3,24,12,40,6,,,CHINA:  SICHUAN PROVINCE,31.5,101,13,7.3,10,4800,4,,,,,,3,,4,,,4800,4,,,,,,3,,4,,
1924,7,3,4,40,10,,,CHINA: XINJIANG,36.8,83.8,33,7.3,,100,2,,,,,,2,,2,,,100,2,,,,,,2,,2,,
1925,3,16,14,42,12,,,CHINA:  YUNNAN PROVINCE:  TALIFU,25.7,100.4,26,7,,5000,4,,,,4,,4,,4,,,5000,4,,,,4,,4,,4,,
1925,10,14,17,5,18,,,CHINA:  YUNNAN PROVINCE,27,100,,5.8,7,12,1,,,,3,,2,500,3,,,12,1,,,,3,,2,500,3,,
1926,11,22,,,,,,CHINA:  YUNNAN PROVINCE,25.6,100.3,,5.5,7,,3,,,,,,1,,2,,,,3,,,,,,1,,2,,
1927,3,14,17,37,39,,,CHINA:  YUNNAN PROVINCE:  XUNDIAN,26,103,,6,8,,2,,,,,,2,,3,,,,2,,,,,,2,,3,,
1927,3,20,,,,,,CHINA:  YUNNAN PROVINCE:  XINPING,24.1,102,,5,6,7,1,,,,,,1,,1,,,7,1,,,,,,1,,1,,
1927,5,22,22,32,42,,,CHINA:  GANSU PROVINCE,36.75,102,27,7.6,11,40912,4,,,524,3,,4,26674,4,,,40912,4,,,524,3,,4,26674,4,,
1927,11,24,,,,,,CHINA:  YUNNAN PROVINCE:  FUMIN,25.2,102.5,,5.5,7,,3,,,,,,2,,3,,,,3,,,,,,2,,3,,
1928,7,19,20,13,50,,,CHINA: SICHUAN PROVINCE,31.5,120.5,,5.8,7,6,1,,,10,1,,2,,2,,,6,1,,,10,1,,2,,2,,
1929,1,13,18,44,39,,,CHINA:  NEI MONGOL,40.7,111.6,,6,8,2,1,,,,,,2,100,2,,,2,1,,,,,,2,100,2,,
1930,1,3,,,,3569,,CHINA:  JIANGSU PROVINCE,32.2,119.4,,5.5,7,,,,,,2,,1,,,,,,,,,,2,,1,,,,
1930,5,14,19,48,22,,,CHINA:  YUNNAN PROVINCE,26.8,103,,6,8,42,1,,,,2,,2,,3,,,42,1,,,,2,,2,,3,,
1930,8,24,10,51,16,,,CHINA:  SICHUAN PROVINCE,30,100,,5.5,,200,3,,,,,,1,,,,,200,3,,,,,,1,,,,
1930,9,21,23,4,14,,,CHINA:  YUNNAN PROVINCE:,25.8,98.4,,6.5,8,,,,,,,,2,,2,,,,,,,,,,2,,2,,
1931,8,10,21,18,43,,,CHINA:  XINJIANG WEIWUER ZIZHIQU PROVINCE:  N,47.1,89.8,25,8,11,10000,4,,,,,,4,,4,,,10000,4,,,,,,4,,4,,
1932,3,6,,,,,,CHINA:  SICHUAN PROVINCE,30.1,101.8,,6,8,200,2,,,,,,1,,2,,,200,3,,,,,,1,,2,,
1932,4,6,9,11,18,,,CHINA:  HUBEI PROVINCE,31.4,115,15,6,8,6,1,,,27,1,,2,,3,,,6,1,,,27,1,,2,,3,,
1932,12,25,2,4,7,,,CHINA:  GANSU PROVINCE,39.7,96.7,,7.6,10,275,3,,,320,3,,3,1167,4,,,275,3,,,320,3,,3,1167,4,,
1932,,,,,,,,CHINA:  SICHUAN PROVINCE,31.8,102.2,,5,7,,1,,,,,,1,,1,,,,1,,,,,,1,,1,,
1933,8,25,7,50,30,,,CHINA:  SICHUAN PROVINCE,31.9,103.4,,7.5,10,9300,4,,,,,,4,,4,,,9300,4,,,,,,4,,4,,
1933,9,20,,,,,,CHINA:  SICHUAN PROVINCE,29.5,102.5,,5,6,200,3,,,,,,1,30,1,,,200,3,,,,,,1,30,1,,
1934,1,12,13,31,52,,,CHINA:  YUNNAN PROVINCE,23.7,102.7,,6,8,1,1,,,14,1,,2,,3,,,1,1,,,14,1,,2,,3,,
1934,1,20,17,56,16,,,CHINA:  NEI MONGOL:  WU-YUAN,41,108.8,,6.3,8,,1,,,,,,2,,3,,,,1,,,,,,2,,3,,
1935,4,28,,,,,,CHINA:  SICHUAN PROVINCE,29.4,102.3,,6,8,2,1,,,,,,1,,1,,,2,1,,,,,,1,,1,,
1935,12,18,7,10,36,3580,,CHINA:  SICHUAN PROVINCE,28.7,103.6,,6,8,100,2,,,,,,2,,3,,,100,2,,,,,,2,,3,,
1936,2,7,8,56,27,,,CHINA:  GANSU PROVINCE,35.4,103.4,,6.8,9,,3,,,,3,,3,9650,4,,,,3,,,,3,,3,9650,4,,
1936,4,1,,,,,,CHINA:  GUANGXI PROVINCE,22.5,109.4,,6.8,9,,4,,,,,,4,,4,,,,4,,,,,,4,,4,,
1936,4,26,23,59,11,,,CHINA:  SICHUAN PROVINCE,28.6,103.6,,6.8,9,,3,,,,,,2,,3,,,,3,,,,,,2,,3,,
1936,8,1,6,24,30,,,CHINA:  GANSU PROVINCE,34.2,105.7,,6,8,115,3,,,31,1,,3,4459,4,,,115,1,,,31,1,,3,4459,4,,
1936,8,17,,,,,,CHINA:  YUNNAN PROVINCE,26.6,103,,5.5,7,30,1,,,,,,2,,3,,,30,1,,,,,,2,,3,,
1936,11,11,17,11,24,,,CHINA:  XINJIANG WEIWUER ZIZHIQU PROVINCE:  S,39.5,74.2,,5.5,,,2,,,,,,1,,,,,,2,,,,,,1,,,,
1937,1,7,13,20,41,,,CHINA:  QINGHAI PROVINCE,35.5,97.6,60,7.5,10,,,,,,,,1,,,,,,,,,,,,1,,,,
1937,7,31,20,35,48,,,CHINA:  SHANDONG PROVINCE,35.4,115.1,,7,9,390,3,,,,3,,4,,4,,,390,3,,,,3,,4,,4,,
1937,9,15,,,,,,CHINA:  SHANXI PROVINCE,37.8,112.5,,5,7,,2,,,,,,2,,3,,,,2,,,,,,2,,3,,
1938,5,14,12,3,9,,,CHINA:  YUNNAN PROVINCE,21.7,99.5,,6,8,,2,,,,,,1,,1,,,,2,,,,,,1,,1,,
1939,9,19,,,,,,CHINA:  YUNNAN PROVINCE,24.4,102.5,,5.5,7,2,1,,,,,,1,,1,,,2,1,,,,,,1,,1,,
1940,1,19,5,23,48,,,CHINA:  NEI MONGOL,42.7,121.3,,6,,,2,,,,,,2,,3,,,,2,,,,,,2,,3,,
1940,4,6,13,43,2,,,CHINA:  YUNNAN PROVINCE,23.9,102.3,,6,8,181,3,,,475,3,,3,11556,4,,,181,3,,,475,3,,3,11556,4,,
1940,6,19,,,,,,CHINA:  YUNNAN PROVINCE,24.4,102.5,,5.5,7,2,1,,,20,1,,2,,3,,,2,1,,,20,1,,2,,3,,
1940,8,5,9,55,15,,,CHINA:  LIAONING PROVINCE,40.2,122,,5.8,8,,,,,,,,3,1190,4,,,,,,,,,,3,1190,4,,
1941,5,5,15,18,27,,,CHINA:  HEILONGJIANG PROVINCE,47,127.2,,6,8,132,3,,,203,3,,3,6321,4,,,132,3,,,203,3,,3,6321,4,,
1941,5,16,7,14,32,,,CHINA:  YUNNAN PROVINCE,23.6,99.4,,7,9,,1,,,,,,2,,3,,,,1,,,,,,2,,3,,
1941,10,8,15,24,20,,,CHINA:  SICHUAN PROVINCE,31.7,102.3,,6,8,15,1,,,10,1,,1,70,2,,,15,1,,,10,1,,1,70,2,,
1941,12,26,14,48,9,,,CHINA:  YUNNAN PROVINCE,22.7,99.9,,7,8,,2,,,,,,1,,2,,,,2,,,,,,1,,2,,
1942,2,1,17,30,47,,,CHINA:  YUNNAN PROVINCE:  SIMAO,23.1,100.3,,6.8,8,90,2,,,,4,,4,,4,,,90,2,,,,4,,4,,4,,
1942,7,8,21,22,27,,,CHINA:  NEI MONGOL:  TONGLIAO,43,122,,6,8,,2,,,,2,,2,,2,,,,2,,,,2,,2,,2,,
1943,4,5,1,56,1,,,CHINA: XINJIANG WEIWUER ZIZHIQU PROVINCE,39.3,73.3,,6.5,,,3,,,,,,2,,3,,,,3,,,,,,2,,3,,
1943,6,21,,,,,,CHINA:  SICHUAN PROVINCE,30.6,104.1,,5,6,,1,,,,,,1,,1,,,,1,,,,,,1,,1,,
1944,3,9,22,12,58,,,CHINA:  XINJIANG PROVINCE,44,84,,7.2,,3,1,,,,,,1,,2,,,3,1,,,,,,1,,2,,
1944,9,27,16,25,7,,,CHINA:  XINJIANG,39.1,75,,7,,,,,,,,,1,,2,,,,,,,,,,1,,2,,
1945,9,23,15,34,21,,,CHINA:  HEBEI PROVINCE,39.5,119,,6.3,8,17,1,,,30,1,,1,,2,,,17,1,,,30,1,,1,,2,,
1947,3,17,8,19,41,,,CHINA:  QINGHAI PROVINCE,33.3,99.5,,7.7,,,,,,,,,,,,,,,,,,,,,,,,,
1947,3,26,20,48,32,,,CHINA:  YUNNAN PROVINCE,25,102,,5.5,7,1,1,,,,1,,2,,3,,,1,1,,,,1,,2,,3,,
1947,6,7,5,5,0,,,CHINA:  SICHUAN PROVINCE,26.7,102.9,,5.5,7,3,1,,,,,,1,,2,,,3,1,,,,,,1,,2,,
1948,5,23,9,13,18,5659,,CHINA:  SHANDONG PROVINCE,37.2,121.8,,6,,,,,,,,,1,,1,,1,,,,,,,,1,,1,,1
1948,5,25,7,11,21,,,CHINA:  SICHUAN PROVINCE,29.5,100.5,18,7.3,10,800,3,,,200,3,,3,600,3,,,800,3,,,200,3,,3,600,3,,
1948,6,27,0,8,23,,,CHINA:  YUNNAN PROVINCE,26.4,99.7,,6.8,8,110,3,,,100,2,,2,600,3,,,110,3,,,100,2,,2,600,3,,
1948,10,8,19,1,57,,,CHINA:  GUIZHOU PROVINCE,27.4,104,,5.8,8,3,1,,,75,2,,2,,3,,3,3,1,,,75,2,,2,,3,,
1949,2,23,16,8,11,,,CHINA:  XINJIANG PROVINCE,42,84,,7.3,9,21,1,,,17,1,,3,1010,4,,,21,1,,,17,1,,3,1010,4,,
1949,11,13,5,27,11,,,CHINA:  SICHUAN PROVINCE,30.3,102.5,,5.5,,,2,,,,,,1,,,,,,2,,,,,,1,,,,
1950,2,2,19,33,39,,,CHINA:  YUNNAN PROVINCE,21.7,100.1,,7,,,,,,,,,1,,,,,,,,,,,,1,,,,
1950,9,13,0,3,7,,,CHINA:  YUNNAN PROVINCE,23.5,103.1,,5.8,8,,,,,,,,2,320,3,,,,,,,,,,2,320,3,,
1951,11,18,9,35,50,,,CHINA:  TIBET (XIZANG PROVINCE),31.1,91.4,25,7.5,,,,,,,,,1,,1,,,,,,,,,,1,,1,,
1951,12,21,8,37,29,3571,,CHINA:   YUNNAN PROVINCE,26.7,100,,6.3,9,,,,,,,,4,29890,4,,,,,,,,,,4,29890,4,,
1952,6,19,12,12,59,,,CHINA:  YUNNAN PROVINCE,22.7,99.8,,6.5,8,,,,,,,,1,10,1,,,,,,,,,,1,10,1,,
1952,8,17,16,2,11,,,CHINA:  TIBET (XIZANG PROVINCE),30.5,91.5,60,,10,54,2,,,,,,2,774,3,,,54,2,,,,,,2,774,3,,
1952,9,30,12,52,2,,,CHINA: SICHUAN PROVINCE,28.3,102.2,,6.8,9,,,,,,,,3,4196,4,,,,,,,,,,3,4196,4,,
1952,10,8,14,24,1,,,CHINA:  SHANXI PROVINCE,39,112.7,,5.5,8,,,,,,,,3,5043,3,,,,,,,,,,3,5043,3,,
1952,12,8,15,9,32,,,CHINA:  YUNNAN PROVINCE,22.9,99.7,,5.8,8,,,,,,,,1,60,2,,,,,,,,,,1,60,2,,
1953,5,3,23,57,6,,,CHINA:  YUNNAN PROVINCE,24.2,103.2,,5,7,,,,,,,,1,,2,,,,,,,,,,1,,2,,
1954,2,11,0,30,15,3572,,CHINA:  GANSU PROVINCE,39,101.3,,7.3,10,,,,,,,,3,,3,,,,,,,,,,3,,3,,
1954,6,17,2,8,39,,,CHINA:  ANHUI PROVINCE,31.6,116.6,,5.3,6,,,,,,,,1,,1,,,,,,,,,,1,,1,,
1954,7,31,1,0,0,,,CHINA: NEI MONGOL,38.8,104.2,,7,,,,,,,,,2,542,3,,,,,,,,,,2,542,3,,
1954,10,24,11,41,6,,,CHINA:  SICHUAN PROVINCE,29.4,104.8,,5,7,,,,,,,,1,,1,,1,,,,,,,,1,,1,,
1955,4,14,1,29,2,,,CHINA:  SICHUAN PROVINCE,30,101.8,,7.5,9,39,1,,,113,3,,2,500,3,,,39,1,,,113,3,,2,500,3,,
1955,4,15,3,40,58,,,CHINA:  XINJIANG PROVINCE,39.9,74.6,,7,9,,,,,,,,2,,2,,,,,,,,,,2,,2,,
1955,4,24,12,59,12,,,CHINA:  XINJIANG PROVINCE,44.2,83.6,,6.5,,,,,,,,,1,,1,,,,,,,,,,1,,1,,
1955,6,7,0,48,54,,,CHINA:  YUNNAN PROVINCE,26.5,101.1,,6,8,,,,,,,,3,4524,4,,,,,,,,,,3,4524,4,,
1955,9,23,15,6,23,3573,,CHINA:  YUNNAN PROVINCE,26.6,101.8,10,6.8,9,,1,,,,,,3,15000,4,,,,1,,,,,,3,15000,4,,
1955,10,1,6,29,55,,,CHINA:  SICHUAN PROVINCE,29.9,101.4,,5.8,7,,,,,,,,1,,1,,,,,,,,,,1,,1,,
1956,8,19,0,44,33,,,CHINA:  SHANXI PROVINCE,37.8,114,,5,7,,,,,,,,1,,1,,,,,,,,,,1,,1,,
1956,12,31,21,33,22,,,CHINA:  HEBEI PROVINCE,40.5,115.5,,5,6,,,,,,,,1,,1,,,,,,,,,,1,,1,,
1957,6,10,20,2,2,,,CHINA:  SHANXI PROVINCE,38,112.5,,5,6,,,,,,,,1,,1,,,,,,,,,,1,,1,,
1958,2,7,23,23,36,3574,,CHINA:  SICHUAN PROVINCE,31.5,104,,6.2,7,,,,,,,,1,,1,,,,,,,,,,1,,1,,
1958,9,25,1,5,36,,,CHINA:  GUANGXI PROVINCE,22.5,109.5,,5.8,7,,,,,,,,1,,1,,,,,,,,,,1,,1,,
1959,7,2,18,33,54,,,CHINA:  HENAN PROVINCE,31.8,115.3,,5,6,,,,,,1,,1,,1,,,,,,,,1,,1,,1,,
1959,8,10,23,7,29,,,CHINA:  SHAANXI PROVINCE,35.6,110.9,,5.4,7,,,,,,,,1,43,1,,,,,,,,,,1,43,1,,
1959,11,15,10,25,16,,,CHINA:  XINGJIANG,38.75,75.317,,6.4,,,1,,,,,,1,,,,,,1,,,,,,1,,1,,
1960,2,2,23,51,59,,,CHINA:  GANSU PROVINCE,33.8,104.5,,5.3,6,,,,,,,,1,,1,,,,,,,,,,1,,1,,
1960,4,13,7,57,49,,,CHINA:  JILIN PROVINCE,44.7,127,,5.8,8,,,,,,,,1,29,1,,,,,,,,,,1,29,1,,
1960,11,9,10,43,42,,,CHINA:  SICHUAN PROVINCE,32.7,103.7,,6.8,9,,,,,,,,3,,3,,,,,,,,,,3,,3,,
1961,3,7,19,0,48,,,CHINA:  HUBEI PROVINCE,30.5,110,,4.9,7,,,,,,,,2,25,1,,,,,,,,,,2,25,1,,
1961,4,13,16,34,39,,,CHINA: XINJIANG,39.8,77.7,,6.8,9,,,,,,,,2,53,2,,,,,,,,,,2,53,2,,
1961,6,11,17,15,33,,,CHINA:   YUNNAN PROVINCE,24.97,98.63,33,5.8,8,,,,,,,,3,5740,4,,,,,,,,,,3,5740,4,,
1961,6,27,7,3,41,,,CHINA:   YUNNAN PROVINCE,27.73,99.75,25,6,8,,,,,,,,3,11400,4,,,,,,,,,,3,11400,4,,
1961,10,1,0,16,1,,,CHINA:  GANSU PROVINCE,34.33,104.78,,5.7,7,,,,,,,,1,10,1,,,,,,,,,,1,10,1,,
1962,3,18,20,18,53,,,CHINA:  GUANGDONG PROVINCE,23.72,114.67,25,6.1,8,1,1,,,2,1,,3,1200,4,,,1,1,,,2,1,,3,1200,4,,
1962,4,23,4,18,1,,,CHINA:  YUNNAN PROVINCE,23.6,106.1,,5.5,7,,,,,,,,1,,,,,,,,,,,,1,,,,
1962,5,21,12,2,52,,,CHINA:  QINGHAI PROVINCE,37.1,96,,6.8,,,,,,,,,1,,1,,1,,,,,,,,1,,1,,
1962,6,24,1,21,18,,,CHINA:   YUNNAN PROVINCE,25.2,101.2,18,6.2,7,,,,,,,,3,2550,4,,,,,,,,,,3,2550,4,,
1962,8,19,18,26,38,,,CHINA:  XINJIANG,44.68,81.58,,6.4,8,,,,,,,,1,,1,,,,,,,,,,1,,1,,
1962,12,17,9,36,1,,,CHINA:  NINGXIA,38.12,106.27,,5.5,7,,,,,,,,1,,1,,,,,,,,,,1,,1,,
1963,4,19,7,35,21,,,CHINA:  QINGHAI PROVINCE,35.7,97,,7,8,,,,,,,,1,,1,,1,,,,,,,,1,,1,,
1963,4,23,9,55,7,,,CHINA:   YUNNAN PROVINCE,25.8,99.5,,6,7,,,,,,,,2,,2,,,,,,,,,,2,,2,,
1963,6,21,13,44,24,,,CHINA:  HEILONGJIANG PROVINCE,47.9,130.6,,5.8,7,,,,,,,,1,,,,,,,,,,,,1,,,,
1963,8,29,8,53,50,,,CHINA:  XINJIANG,39.8,74.2,,6.5,,1,1,,,,,,1,40,1,,,1,1,,,,,,1,40,1,,
1964,2,13,10,3,53,,,CHINA:   YUNNAN PROVINCE,26.1,101,15,5.4,7,,,,,,,,1,,,,,,,,,,,,1,,,,
1964,9,1,22,20,30,,,CHINA:  SHANXI PROVINCE,35.1,111.6,,4.7,,,,,,,,,1,23,1,,,,,,,,,,1,23,1,,
1965,1,12,17,18,9,,,CHINA:  SHANXI PROVINCE,35,111.63,10,5.5,7,,,,,,,,2,,3,,,,,,,,,,2,,3,,
1965,7,3,11,26,12,,,CHINA:   YUNNAN PROVINCE,22.4,101.6,15,6.1,7,,,,,,,,1,,,,,,,,,,,,1,,,,
1965,11,13,4,33,55,,,CHINA:  XINJIANG PROVINCE,43.9,87.8,,6.6,8,,,,,,,,,,3,,,,,,,,,,2,,3,,
1966,1,31,2,35,3,,,CHINA:  YUNNAN PROVINCE,27.9,99.7,,5.1,7,,,,,,,,1,,1,,,,,,,,,,1,,1,,
1966,2,5,15,12,27,,,CHINA:  YUNNAN PROVINCE,26.1,103.1,,6.5,9,,,,,,,,2,,3,,,,,,,,,,2,,3,,
1966,2,13,10,44,36,,,CHINA:   YUNNAN PROVINCE,26.1,103.1,,6.2,,,,,,,,,1,,1,,,,,,,,,,1,,1,,
1966,3,6,0,12,19,,,CHINA:  HEBEI PROVINCE,37.47,115.03,,5.2,7,,,,,,,,1,11,1,,,,,,,,,,1,11,1,,
1966,3,7,21,29,17,,,CHINA:  HEBEI PROVINCE,37.35,114.92,8,7.4,9,,3,,,,,,4,,4,,,,3,,,,,,4,,4,,
1966,3,19,16,59,31,,,CHINA:  HEBEI PROVINCE,37.27,114.97,,5.6,6,,,,,,,,1,,2,,,,,,,,,,1,,2,,
1966,3,22,8,19,27,,,CHINA:  HEBEI PROVINCE,37.5,115.1,15,7.6,10,,3,,,,,,4,,4,,,,3,,,,,,4,,4,,
1966,3,26,15,19,4,,,CHINA:  HEBEI PROVINCE,37.68,115.27,,6.2,7,,,,,,,,2,,2,,,,,,,,,,2,,2,,
1966,4,20,14,31,15,,,CHINA:  HEBEI PROVINCE,37.25,114.78,,5.3,,,,,,,,,1,22,1,,,,,,,,,,1,22,1,,
1966,9,19,5,3,53,,,CHINA:  YUNNAN PROVINCE,24,97.7,,5.4,7,,,,,,,,1,,,,,,,,,,,,1,,,,
1966,9,28,14,0,19,,,CHINA:   YUNNAN PROVINCE,27.5,100.1,,6.4,9,,,,,,,,3,,3,,,,,,,,,,3,,3,,
1966,10,2,2,24,57,,,CHINA:  JILIN PROVINCE,43.83,125.12,,5.2,7,,,,,,,,3,,,,,,,,,,,,3,,,,
1967,1,24,14,45,12,,,CHINA:  SICHUAN PROVINCE,30.2,104.1,,5.5,7,,,,,,,,2,417,3,,,,,,,,,,2,417,3,,
1967,3,27,8,58,20,,,"CHINA:  HEBEI PROVINCE:  HEJIAN, DACHENG",38.5,116.5,30,6.3,7,,,,,,,,3,53886,4,,,,,,,,,,3,53886,4,,
1967,8,30,4,22,3,,,CHINA: SICHUAN PROVINCE,31.6,100.3,10,6.8,9,,,,,,,,4,,4,,,,,,,,,,4,,4,,
1967,12,2,20,5,48,,,CHINA:  HEBEI PROVINCE:  SHULU,37.717,115.217,25,5.7,7,,,,,,,,2,,1,,,,,,,,,,2,,1,,
1967,12,18,14,7,45,,,CHINA:  SHANXI PROVINCE,36.467,111.217,30,5.4,6,,,,,,,,1,,1,,,,,,,,,,1,,1,,
1969,2,11,22,8,54,,,CHINA:  XINJIANG PROVINCE:  WUSHI,41.45,79.367,10,6.3,7,4,1,,,,1,,3,,3,,,4,1,,,,1,,3,,3,,
1969,7,18,5,24,50,5800,,CHINA:  BOHAI SEA,38.2,119.4,6,7.4,9,10,1,,,353,3,,4,15190,4,24810,4,10,1,,,353,3,,4,15190,4,24810,4
1969,7,25,22,49,43,,,CHINA:  GUANGDONG PROVINCE:  YANGJIANG COUNTY,22.317,111.8,5,6.4,8,3000,4,,,,,,4,10762,4,,,3000,4,,,,,,4,10762,4,,
1969,9,14,14,46,23,,,CHINA:  XINJIANG PROVINCE,39.7,74.8,,5.5,7,,,,,,,,1,10,1,,,,,,,,,,1,10,1,,
1970,1,4,17,0,40.2,,,CHINA:  YUNNAN PROVINCE; VIETNAM:  HANOI,24.1,102.5,31,7.8,10,10000,4,,,,,,3,,3,,3,10000,4,,,,,,3,,3,,
1971,8,16,4,58,0.3,,,CHINA:  SICHUAN PROVINCE:  MABIAN,28.9,103.7,,5.9,7,,1,,,,,,1,,1,,,,1,,,,,,1,,1,,
1973,2,6,10,37,10.1,,,CHINA:  SICHUAN PROVINCE,31.4,100.58,33,7.6,10,,,,,,,,2,168,3,,,,,,,,,,2,168,3,,
1973,7,14,4,51,21,,,CHINA:  TIBET (XIZANG PROVINCE),35.18,86.48,33,7.5,,,,,,,,,,,,,,,,,,,,,,,,,
1974,4,22,0,29,19.8,,,CHINA:  JIANGSU PROVINCE,31.6,119.2,16,5.5,,,,,,,,,2,,,,,,,,,,,,2,,,,
1974,5,10,19,25,15,,,"CHINA:  YUNNAN AND SICHUAN PROVINCES, CHAO-T'UNG",28.24,104.01,11,7.1,,20000,4,,,,,,3,,3,,,20000,4,,,,,,3,,3,,
1975,2,4,11,36,7.5,,,"CHINA:  LIAONING PROVINCE:  YINGTAO, ANSHAN",40.64,122.58,33,7.4,10,300,3,,,,,,4,,4,,,300,3,,,,,,4,,4,,
1976,5,29,12,23,18.7,,,CHINA:  YUNNAN PROVINCE:  LUNGLING-LUSHI,24.57,98.953,8,7.3,9,,2,,,,,,3,,,,,,2,,,,,,3,,,,
1976,5,29,14,0,18.5,,,CHINA:  YUNNAN PROVINCE:  LUNGLING-LUSHI,24.531,98.71,10,7.4,9,,2,,,,,,3,,,,,,2,,,,,,3,,,,
1976,7,27,19,42,54.6,,,CHINA:  NE:  TANGSHAN,39.57,117.98,23,7.5,11,242769,4,,,799000,4,5600,4,,,,,242769,4,,,799000,4,5600,4,,,,
1976,7,28,10,45,35.2,,,CHINA:  NE:  TANGSHAN,39.664,118.401,26,7.4,9,,2,,,,,,2,,3,,,,2,,,,,,2,,3,,
1979,7,9,10,57,22.1,,,CHINA:  JIANGSU PROVINCE:  LIYANG,31.452,119.241,11,5.4,8,42,1,,,2987,4,,4,113909,4,,,41,1,,,2987,4,,4,113909,4,,
1979,8,24,16,59,30.8,,,CHINA:  NEI MONGOL:  WU-YUAN,41.145,108.129,33,5.9,,,,,,104,3,,2,400,3,,,,1,,,104,3,,2,400,3,,
1981,1,23,21,13,51.7,,,CHINA:  SICHUAN PROVINCE,30.927,101.098,33,6.8,8,150,3,,,489,3,5,2,2992,4,,,150,3,,,489,3,5,2,2992,4,,
1982,4,14,6,36,56.7,,,CHINA:  GANSU PROVINCE,36.785,105.55,33,4.6,,,,,,,,,1,,,,,,,,,,,,1,,,,
1982,6,15,23,24,28.6,,,CHINA:  SICHUAN PROVINCE:  GARZE,31.907,99.931,10,5.5,7,10,1,,,5,1,,1,,,,,10,1,,,5,1,,1,,,,
1983,2,13,1,40,10.9,,,CHINA:  XINJIANG WEIWUER ZIZHIQU PROVINCE: WUQUA S,39.945,75.135,16,6.2,8,,,,,2,1,,2,,,,,,,,,2,1,,2,,,,
1983,4,5,6,50,33.4,,,CHINA:  XINJIANG WEIWUER ZIZHIQU PROVINCE:  WUQUA,40.025,75.26,33,5.6,,,1,,,,,,1,,,,,,1,,,,,,1,,,,
1983,11,6,21,9,45.2,,,"CHINA:  E, HEZE-DONGMING, SHANDONG PROVINCE",35.206,115.213,19,5.3,7,34,1,,,2200,4,5,2,3300,4,,,34,1,,,2200,4,5,2,3300,4,,
1985,4,18,5,52,52.8,,,CHINA:  YUNNAN PROVINCE,25.926,102.871,5,5.8,8,23,1,,,300,3,1,2,,,,,23,1,,,300,3,1,2,,,,
1985,8,23,12,41,56.1,,,CHINA:  S XINJIANG:  WUQUA-SHUFU,39.431,75.224,7,7.5,7,71,2,,,162,3,5,2,,3,,,71,2,,,162,3,5,2,,3,,
1987,1,5,22,52,46.5,,,CHINA:  S XINJIANG PROVINCE:  BAICHENG,41.964,81.319,17,5.8,,,,,,,3,,2,,,,,,,,,,3,,2,,,,
1987,1,24,8,9,21.3,,,"CHINA:  XINGJIANG WEIWUER ZIZHIQU PROVINCE, WUSHI",41.529,79.318,29,5.9,,,,,,,,,2,417,3,,,,,,,,,,2,417,3,,
1987,8,2,9,7,35.5,,,CHINA:  GANZHOU PROVINCE:  XUNWU,24.924,115.608,29,4.9,4,,,,,84,2,,3,37000,4,,,,,,,84,2,,3,37000,4,,
1988,1,3,21,32,25.3,,,CHINA:  LINGWU,38.111,106.336,14,5.5,,,,,,60,2,,3,10000,4,,,,,,,60,2,,3,10000,4,,
1988,11,6,13,3,19.3,,,CHINA:  YUNNAN PROVINCE,22.789,99.611,18,7.3,10,738,3,,,3900,4,269,4,412000,4,,,738,3,,,3900,4,269,4,412000,4,,
1988,11,6,13,15,43.3,,,CHINA:  YUNNAN PROVINCE,23.181,99.439,10,6.4,,,,,,,,,,,,,,,,,,,,,,,,,
1988,11,10,1,17,49.4,,,"CHINA:  E, QINZHOU-FANGCHENG, NANNING",21.23,108.545,10,4.6,,,,,,71,2,,1,,,,,,,,,71,2,,1,,,,
1989,4,15,20,34,8.9,,,CHINA:  SICHUAN PROVINCE:  BATANG,29.987,99.195,13,6.2,,11,1,,,42,1,164,4,,,,,11,1,,,42,1,164,4,,,,
1989,5,7,0,38,18.5,,,"CHINA:  YUNNAN PROVINCE:  GENGMA, LANCANG, MENGLIAN",23.553,99.526,33,5.6,,1,1,,,91,2,54,4,5300,4,,,1,1,,,91,2,54,4,5300,4,,
1989,9,22,2,25,50.8,,,CHINA:  SICHUAN PROVINCE:  XIAOJIN COUNTY,31.583,102.433,15,6.1,,1,1,,,151,3,,3,4270,4,,,1,1,,,151,3,,3,4270,4,,
1989,10,18,14,57,22.4,,,CHINA:  SHANXI AND HEBEI PROVINCES; DATONG,39.893,113.884,10,5.3,8,29,1,,,193,3,,3,30000,4,,,29,1,,,193,3,,3,30000,4,,
1989,11,20,3,21,7.8,,,CHINA:  SICHUAN PROVINCE:  JIANGBEI COUNTY,29.882,106.804,33,4.7,,4,1,,,161,3,5,2,5000,4,53000,4,4,1,,,161,3,5,2,5000,4,53000,4
1990,4,17,1,59,33.4,,,CHINA:  S XINJIANG:  WUQIA COUNTY,39.436,74.9,33,6.2,,,,,,2,1,,2,,3,,,,,,,2,1,,2,,3,,
1990,4,26,9,37,15,,,CHINA:  QINGHAI PROVINCE:  GANGHE-XINGHAI,35.986,100.245,8,6.9,,126,3,,,2049,4,58.35,4,66800,4,66800,4,126,3,,,2049,4,58.35,4,66800,4,,
1990,10,20,8,7,27.5,,,CHINA:  GANSU PROVINCE:  TIANZHU,37.093,103.781,12,5.8,4,7,1,,,92,2,,3,87000,4,,,4,1,,,92,2,,3,87000,4,,
1991,2,25,14,30,27.6,,,CHINA:  S XINJIANG:  KALPIN,40.386,78.959,21,6.1,,,,,,3,1,,2,8561,4,,,,,,,3,1,,2,8561,4,,
1991,3,25,18,2,41.5,,,"CHINA:  NE, DATONG",39.887,113.923,10,5.5,,,,,,131,3,,2,1328,4,,,,,,,131,3,,2,1328,4,,
1992,1,5,6,,,2207,,CHINA:  S. CHINA SEA,18,108,8,3.7,,,,,,,,,,,,,,,,,,,,,1,,,,
1993,1,26,20,32,6.9,,,CHINA:  YUNNAN PROVINCE,23.027,101.062,33,5.6,,,,,,66,2,,3,28417,4,28417,4,,,,,66,2,,3,28417,4,,
1993,3,20,14,51,59.7,,,CHINA:  TIBET (XIZANG PROVINCE): NGAMRING,29.084,87.333,12,6.2,,2,1,,,3,1,,1,,,,,2,1,,,3,1,,1,,,,
1993,11,30,20,37,12.8,,,CHINA:  SOUTHERN XINJIANG:  SHUFU,39.263,75.533,18,5.6,,,,,,4,1,,1,100,1,,,,,,,4,1,,1,100,2,,
1994,1,3,5,52,27.6,,,CHINA:  QINGHAI PROVINCE:  GONGHE,36.028,100.104,8,5.7,,,,,,5,1,,1,56,2,56,2,,,,,5,1,,1,56,2,,
1994,12,31,2,57,20.8,,,"CHINA:  GUANGXI PROVINCE, GUANDONG PROVINCE",20.524,109.33,33,5.3,,,,,,360,3,,2,1100,4,,,,,,,360,3,,2,1100,4,,
1995,7,11,21,46,39.7,,,"CHINA: YUNNAN PROVINCE: LANCANG, MENGLIAN; THAILAND",21.966,99.196,13,6.8,,11,1,,,136,3,36.1,4,100000,4,100000,4,11,1,,,136,3,36.1,4,100000,4,,
1995,7,21,22,44,4.5,,,"CHINA:  GANSU, YONGDENG, BAIYIN, DINGXI, JINGTAI",36.427,103.123,13,5.6,,14,1,,,60,1,,3,4500,4,,,14,1,,,60,1,,3,4500,4,,
1995,10,23,22,46,50.8,,,CHINA:  YUNNAN PROVINCE:  WUDING,26.003,102.227,10,6.2,,81,2,,,800,3,80,4,200,3,200,3,81,2,,,800,3,80,4,200,3,,
1996,2,3,11,14,20.1,,,CHINA:  YUNNAN PROVINCE:  LIJIANG,27.291,100.276,11,6.6,9,322,3,,,17057,4,506,4,959000,4,959000,4,322,3,,,17057,4,506,4,959000,4,,
1996,3,19,15,0,26,,,"CHINA:  S. XINJIANG:   ARTUX, JIASHI, BACHU, KASHI",39.993,76.696,28,6.3,,24,1,,,128,3,24,3,15314,4,,,24,1,,,128,3,24,3,15314,4,,
1996,5,3,3,32,47.1,,,"CHINA:  NEI MONGOL:  BAOTOU, BEIJING, HOHHOT",40.774,109.661,26,6,8,23,1,,,330,3,,4,,,,,23,1,,,330,3,,4,,,,
1997,1,21,1,48,30.1,,,CHINA:  SOUTHERN XINJIANG:  JIASHI COUNTY,39.474,76.998,33,5.9,,12,1,,,40,1,,3,14000,4,,,12,1,,,40,1,,3,14000,4,,
1997,3,1,6,4,14.1,,,"CHINA:  S. XINJIANG, JIASHI COUNTY, KASHI",39.422,76.839,22,5.6,,2,1,,,6,1,,3,4000,3,,,2,1,,,6,1,,3,4000,4,,
1997,4,5,23,46,19.5,,,"CHINA:  S. XINJIANG, JIASHI COUNTY",39.513,76.865,33,5.9,,,,,,23,1,,3,3000,4,,,,,,,23,1,,3,3000,4,,
1997,4,6,4,36,35.2,,,CHINA:  S. XINJIANG,39.537,76.998,33,6,,,,,,,,,3,,,,,,,,,,,,3,,,,
1997,4,11,5,34,42.7,,,"CHINA:  S. XINJIANG, BACHU, SHULE, YINGJISHA",39.527,76.941,15,6.2,,9,1,,,89,2,,4,2000,4,,,9,1,,,89,2,,4,2000,4,,
1997,11,8,10,2,52.6,,,CHINA:  TIBET (XIZANG PROVINCE),35.069,87.325,33,7.5,,,,,,,,,,,,,,,,,,,,,,,,,
1998,1,10,3,50,41.5,,,"CHINA:  NORTHEASTERN: SHANGYI-ZHANGBEI, HEBEI",41.083,114.5,30,5.7,8,70,2,,,11500,4,285.5,4,70000,4,,,70,2,,,11500,4,285.5,4,70000,4,,
1998,3,19,13,51,33.7,,,"CHINA:  SOUTHERN XINJIANG: ARTUX, KASHGAR",39.977,76.731,33,5.6,,,,,,,,,1,400,3,,,,,,,,,,1,400,3,,
1998,5,28,21,11,44.1,,,CHINA:  SOUTHERN XINJIANG,37.388,78.843,33,5.6,,,,,,28,1,,3,2000,4,,,,,,,28,1,,3,2000,4,,
1998,8,27,9,3,36.6,,,CHINA:  SOUTHERN XINJIANG:  JIASHI,39.66,77.343,33,6.4,,3,1,,,7,1,,3,3600,4,18771,4,3,1,,,7,1,,3,3600,4,18771,4
1998,11,19,11,38,14.8,,,"CHINA:  SICHUAN PROVINCE: HUAPING, LIJIANG, NINGLAG",27.308,101.029,33,5.6,,5,1,,,1543,4,70,4,12000,4,12000,4,5,1,,,1543,4,70,4,12000,4,,
1998,12,1,7,37,56.1,,,CHINA:  YUNNAN PROVINCE  SOUTHEASTERN,26.373,104.021,10,4.5,,,,,,84,2,22.6,3,21872,4,21872,4,,,,,84,2,22.6,3,21872,4,,
1999,3,11,13,18,9.3,,,CHINA:  NE: ZHANGBEI COUNTY,41.131,114.658,33,5.1,,,,,,3,1,,2,200,3,,,,,,,3,1,,2,200,3,,
1999,11,1,13,25,16.5,,,CHINA:  SHANXI:  NORTHEASTERN,39.899,113.983,10,5.3,,,,,,4,1,44,4,6000,4,,,,,,,4,1,44,4,6000,4,,
1999,11,24,16,40,21.2,,,CHINA:  YUNNAN PROVINCE:  CHENGJIANG,24.589,102.872,33,4.6,,1,1,,,5,1,,1,90,2,90,2,1,1,,,5,1,,1,90,2,,
1999,11,29,4,10,40.9,,,CHINA:  NORTHEASTERN:  SANJIANFANG,40.459,122.889,10,5,,,,,,,,,1,160,3,,,,,,,,,,1,160,3,,
2000,1,11,23,43,56.4,,,CHINA:  LIAONING PROVINCE,40.498,122.994,10,5.1,,,,,,30,1,,3,3600,4,8800,4,,,,,30,1,,3,3600,4,8800,4
2000,1,14,23,37,7.8,,,CHINA:  YUNNAN PROVINCE:  YAOAN COUNTY,25.607,101.063,33,5.9,,5,1,,,2528,4,73.5,4,41000,4,,,7,1,,,2528,4,73.5,4,41000,4,,
2000,6,7,21,46,55.9,,,CHINA:  YUNNAN PROVINCE:  LIUKU; MYANMAR,26.856,97.238,33,6.3,,,,,,,,,1,,2,,2,,,,,,,,1,,2,,
2000,8,21,13,25,44.5,,,CHINA:  YUNNAN PROVINCE:  WUDING,25.826,102.194,33,4.2,,1,1,,,406,3,43,4,,,,,1,1,,,406,3,43,4,,,,
2001,2,23,0,9,23.6,,,"CHINA:  SICHUAN PROVINCE:  KANGDING, YAJIANG",29.513,101.129,33,5.6,,3,1,,,109,3,,3,60000,4,60000,4,3,1,,,109,3,,3,60000,4,,
2001,5,23,21,10,43.9,,,CHINA:  YUNNAN:  NINGLANG; SICHUAN:  YANYUAN,27.689,101.003,33,5.5,,2,1,,,605,3,36,4,,,,,2,1,,,605,3,36,4,,,,
2001,7,14,18,36,8.3,,,CHINA:  YUNNAN PROVINCE:  JIANGCHUAN,24.455,102.66,33,4.3,,,,,,2,1,,1,150,3,150,3,,,,,2,1,,1,150,3,,
2001,10,27,5,35,39.7,,,CHINA:  YUNNAN PROVINCE:  YONGSHENG,26.316,100.648,10,5.6,,1,1,,,220,3,,2,3400,4,3400,4,1,1,,,220,3,,2,3400,4,,
2001,11,14,9,26,10,,,CHINA:  QINGHAI PROVINCE:  XIDATAN,35.946,90.541,10,7.8,,,,,,,,,1,,2,,2,,,,,,,,1,,2,,
2002,8,8,11,42,5,,,CHINA:  SICHUAN PROVINCE:  RULONG,30.916,99.927,33,5.3,,,,,,,,,1,8,1,8,1,,,,,,,,1,8,1,,
2002,12,14,13,27,29.1,,,CHINA:  GANSU PROVINCE:  YUMNE,39.736,97.443,22,5.5,,2,1,,,,,,3,13380,4,,,2,1,,,,,,3,13380,4,,
2002,12,25,12,57,3.2,,,CHINA:  XINJIANG:  WUQIA,39.57,75.254,10,5.7,,,,,,,,,1,,2,,,,,,,,,,1,,2,,
2003,2,13,17,34,20.9,,,CHINA:  N. XINJIANG:  URUMQI,43.897,85.923,24,5.3,,,,,,,,,1,,,,,,,,,,,,1,,,,
2003,2,24,2,3,41.4,,,CHINA:  S. XINJIANG:  BACHU,39.61,77.23,11,6.3,,261,3,,,4000,4,,4,71000,4,,,261,3,,,4000,4,,4,71000,4,,
2003,2,25,3,52,41,,,CHINA:  S. XINJIANG:  BACHU,39.483,77.393,10,5.4,,5,1,,,,,,1,,,,,5,1,,,,,,1,,,,
2003,4,17,0,48,38.5,,,CHINA:  QINGHAI PROVINCE:  DELINGHA,37.529,96.476,14,6.4,,,,,,,,,1,45,1,45,1,,,,,,,,1,45,1,,
2003,5,4,15,44,35.5,,,CHINA:  S. XINJIANG:  YOPURGA,39.43,77.219,10,5.8,,1,1,,,3,1,,3,1600,4,,,1,1,,,3,1,,3,1600,4,,
2003,7,21,15,16,31.9,,,CHINA:  YUNNAN PROVINCE,25.975,101.29,10,5.9,,16,1,,,584,3,75,4,264878,4,264878,4,16,1,,,584,3,75,4,264878,4,,
2003,8,16,10,58,42.7,,,"CHINA:  NEI MONGOL:  LINDONG, TIANSHAN",43.77,119.643,24,5.4,,4,1,,,1000,3,,3,7900,3,,,4,1,,,1000,3,,3,7900,4,,
2003,8,18,9,3,3.5,,,"CHINA:  TIBET (XIZANG PROVINCE): BOMI,MEDOG,NYINGCHI",29.573,95.605,33,5.5,,,,,,,,,1,,,,,,,,,,,,1,,,,
2003,10,16,12,28,9,,,CHINA:  YUNNAN PROVINCE:  DAYAO,25.954,101.254,33,5.6,,3,1,,,32,1,,3,12000,4,12000,4,3,1,,,32,1,,3,12000,4,,
2003,10,25,12,41,35.2,,,"CHINA:  GANSU PROVINCE:  MINLE, SHANDAN",38.4,100.951,10,5.8,,9,1,,,43,1,40,4,10000,4,,,9,1,,,43,1,40,4,10000,4,,
2003,11,13,2,35,10.3,,,"CHINA:  GANSU PROVINCE:  JONE, LINTAN, MINXIAN",34.712,103.834,10,5.1,,1,1,,,30,1,,1,10,1,,,1,1,,,30,1,,1,10,1,,
2003,11,14,18,49,46.5,,,"CHINA:  YUNNAN PROVINCE:  LUDIAN, ZHAOTONG",27.372,103.971,33,5.6,,4,1,,,65,1,,2,600,3,600,3,4,1,,,65,1,,2,600,3,,
2003,11,26,13,38,57.8,,,CHINA:  YUNNAN PROVINCE:  LUDIAN,27.283,103.753,33,4.7,,,,,,4,1,,4,2000,4,2000,4,,,,,4,1,,4,2000,4,,
2003,12,1,1,38,31.9,,,CHINA:  XINJIANG:  ZHAOSU,42.905,80.515,10,6,,11,1,,,47,1,,3,769,3,,,11,1,,,47,1,,3,769,3,,
2004,3,24,1,53,49.4,,,"CHINA:  NEI MONGOL:  BAYAN UL HOT, ULIASTAI",45.382,118.256,19,5.4,,,,,,100,2,74,4,38000,4,,,,,,,100,2,74,4,38000,4,,
2004,5,4,5,4,58.3,,,CHINA:  QINGHAI PROVINCE:  DELINGHA,37.506,96.758,14,5.4,,,,,,,,,3,,,,,,,,,,,,3,,,3100,4
2004,8,10,10,26,14.7,,,CHINA:  YUNNAN PROVINCE:  LUDIAN,27.266,103.873,6,5.4,,4,1,,,600,3,50,4,18556,4,65601,4,4,1,,,600,3,50,4,18556,,65601,4
2004,9,7,12,15,49.7,,,CHINA:  GANSU PROVINCE,34.682,103.781,10,5.2,,,,,,19,1,,3,600,3,,,,,,,19,1,,3,600,3,,
2004,10,18,22,11,44.9,,,CHINA:  YUNNAN PROVINCE:  BAOSHAN,25.073,99.169,30,4.4,,,,,,12,1,,3,20000,4,20000,4,,,,,12,1,,3,20000,4,,
2005,1,25,16,30,38.9,,,CHINA:  YUNNAN PROVINCE:  SIMAO,22.526,100.709,12,4.8,,,,,,3,1,,1,,,,,,,,,3,1,,1,,,,
2005,2,14,23,38,8.6,,,CHINA:  XINJIANG PROVINCE:  WUSHI,41.728,79.44,22,6.1,,,,,,,,,3,6000,4,,,,,,,,,,3,6000,4,,
2005,7,25,15,43,41.1,,,CHINA:  DAQING,46.827,125.058,48,4.7,,1,1,,,12,1,,,,,,,1,1,,,12,1,,,,,,
2005,8,5,14,14,48,,,CHINA:  YUNNAN PROVINCE:  HUIZE,26.569,103.036,42,4.8,,,,,,9,1,,2,3700,4,3700,4,,,,,9,1,,2,3700,4,,
2005,8,13,4,58,44.8,,,CHINA:  YUNNAN PROVINCE:  WENSHAN,23.627,104.103,10,4.5,,,,,,26,1,,1,,2,,2,,,,,26,1,,1,,2,,
2005,10,27,11,18,57.3,,,CHINA:  GUANGXI PROVINCE,23.604,107.798,10,4.2,,1,1,,,1,1,,1,,1,,,1,1,,,1,1,,1,,1,,
2005,11,26,0,49,37.6,,,"CHINA:  JIANGXI:  JIUJIANG, RUICHANG",29.695,115.689,10,5.2,,16,1,,,8000,4,,3,150000,4,,,16,1,,,8000,4,,3,150000,4,,
2006,3,31,12,23,17.8,,,"CHINA:  JILIN PROVINCE:  JILIN, SONGYUAN",44.624,124.122,10,4.9,,,,,,,,,1,,2,,,,,,,,,,1,,2,,
2006,4,19,2,5,42.9,,,CHINA:  TIBET (XIZANG PROVINCE),31.607,90.413,33,5.7,,,,,,,,,1,,2,,,,,,,,,,1,,2,,
2006,6,20,16,52,57.9,,,CHINA:  GANSU PROVINCE,33.068,104.95,24,4.5,,,,,,5,1,,1,,1,,,,,,,5,1,,1,,1,,
2006,7,22,1,10,29,,,CHINA:  YANJIN,27.995,104.138,56,4.9,,22,1,,,106,3,,,,,,,22,1,,,106,3,,,,,,
2006,8,25,5,51,44.3,,,CHINA:  SICHUAN PROVINCE,28.012,104.151,22,4.6,,1,1,,,31,1,,2,,,,,1,1,,,31,1,,2,,,,
2006,10,27,10,52,5.7,,,CHINA:  HUBEI,31.56,113.21,10,4.5,,,,,,,,,2,,,,,,,,,,,,2,,,,
2006,11,3,6,21,39.2,,,CHINA:  NEI MONGOL,43.469,119.558,10,4.7,,,,,,,,,3,55886,4,,,,,,,,,,3,5586,4,,
2006,11,23,11,4,44.3,,,CHINA:  XINJIANG PROVINCE:  NORTH,44.229,83.524,20,4.7,,,,,,,,,2,60,2,,,,,,,,,,2,60,1,,
2007,1,9,14,49,48.8,,,CHINA:  GANSU PROVINCE,37.021,103.911,20,4.5,,,,,,,,,3,2000,4,,,,,,,,,,3,2000,4,,
2007,1,10,17,18,58.3,,,CHINA:  GANSU PROVINCE,33.259,104.74,23,4.7,,,,,,,,,1,,2,,,,,,,,,,1,,2,,
2007,6,2,21,34,57.7,,,CHINA:  YUNNAN PROVINCE:  NING'ER,23.028,101.052,5,6.1,,3,1,,,329,3,310,4,,,,,3,1,,,329,3,310,4,,,,
2007,7,20,10,6,52,,,CHINA:  XINJIANG:  TEKES,42.913,82.378,10,5.6,,,,,,,,,2,2120,4,,,,,,,,,,2,2120,4,,
2008,3,20,22,32,57.9,,,CHINA:  XINJIANG PROVINCE,35.49,81.467,10,7.2,,,,,,,,,3,2200,4,,,,,,,,,,3,2200,4,,
2008,5,12,6,28,0.5,3586,,CHINA:  SICHUAN PROVINCE,30.98,103.396,10,7.9,9,87652,4,,,374171,4,86000,4,5360000,4,5360000,4,87652,4,,,374171,4,86000,4,5360000,4,21000000,4
2008,5,25,8,21,48.7,,,CHINA:  SICHUAN PROVINCE,32.57,105.424,10,6,,8,1,,,927,3,,4,400000,4,400000,4,8,1,,,927,3,,4,400000,4,,
2008,5,27,8,37,51.5,,,CHINA:  SICHUAN PROVINCE,32.71,105.54,10,5.7,,,,,,,,,3,20000,4,20000,4,,,,,,,,3,20000,4,,
2008,7,24,7,9,30,,,CHINA:  SICHUAN PROVINCE,32.747,105.542,10,5.6,,1,1,,,17,1,,3,1200,4,1200,4,1,1,,,17,1,,3,1200,4,,
2008,8,1,8,32,43,,,CHINA:  SICHUAN PROVINCE,32.036,104.722,7,5.7,,,,,,231,3,,2,540,3,540,3,,,,,231,3,,2,540,3,2450,4
2008,8,5,9,49,17.2,,,CHINA:  SICHUAN PROVINCE,32.756,105.494,6,6,,4,1,,,29,1,,1,,,,,4,1,,,29,1,,1,,,,1
2008,8,19,21,35,17.2,,,CHINA:  YUNNAN PROVINCE,25.051,97.919,46,5,,,,,,,,,3,5,1,5,1,,,,,,,,3,5,1,2420,4
2008,8,21,12,24,29.5,,,CHINA:  YUNNAN PROVINCE,25.044,97.684,1,6,,5,1,,,127,3,,3,,,,,5,1,,,127,3,,3,,,,
2008,8,25,13,21,58.8,,,CHINA:  TIBET (XIZANG PROVINCE),30.901,83.52,12,6.7,8,,,,,,,,2,,,700,3,,,,,,,,2,,,700,3
2008,8,30,8,30,54,,,CHINA:  SICHUAN PROVINCE,26.272,101.937,17,5.9,,43,1,,,589,3,,4,392000,4,392000,4,43,1,,,589,3,,4,392000,4,,
2008,10,6,8,30,45.5,,,CHINA:  TIBET (XIZANG PROVINCE),29.807,90.35,12,6.3,,9,1,,,19,1,,2,,3,,,9,1,,,19,1,,2,,3,,
2008,11,10,1,22,2.5,,,CHINA:  QINGHAI PROVINCE,37.565,95.833,19,6.3,,,,,,3,1,4,2,,2,,2,,,,,3,1,4,2,,2,,1
2008,12,9,18,53,11.1,,,CHINA:  SICHUAN PROVINCE,32.518,105.395,25,4.5,,2,1,,,3,1,,,,,,,2,1,,,3,1,,,,,,
2008,12,25,20,20,51.5,,,CHINA:  YUNNAN PROVINCE:  SIMAO,23.97,97.569,35,4.8,,,,,,19,1,,2,30,1,5400,4,,,,,19,1,,2,30,1,5400,4
2009,2,20,10,2,29.1,,,CHINA:  XINJIANG PROVINCE,40.657,78.692,17,5.5,,,,,,,,,3,5613,4,331,3,,,,,,,,3,331,3,5613,4
2009,7,9,11,19,16.2,,,CHINA:  YUNNAN PROVINCE:  YAOAN COUNTY,25.632,101.095,7,5.7,,,,,,336,3,,3,,,,,,,,,336,3,,3,,,,
2009,7,24,3,11,56.8,,,CHINA: TIBET (XIZANG PROVINCE):   GYUNGCAN,31.158,85.902,13,5.8,,,,,,,,,1,6,1,6,1,,,,,,,,1,6,1,,2
2009,8,8,13,26,17.5,,,CHINA:  CHONGQING PROVINCE:  RONGCHANG,29.358,105.438,10,3.4,,2,1,,,1,1,,2,440,3,440,3,2,1,,,1,1,,2,440,3,,
2009,8,28,1,52,6.6,,,CHINA:  QINGHAI PROVINCE,37.696,95.718,13,6.2,,,,,,,,,1,,,,,,,,,,,,1,,,30,1
2009,11,1,21,7,20.6,,,CHINA:  YUNNAN PROVINCE,25.962,100.825,25,4.9,,,,,,28,1,,,1000,3,1000,3,,,,,28,1,,,1000,3,30000,4
2010,1,17,9,37,26.1,,,CHINA:  GUIZHOU PROVINCE,25.558,105.804,27,4.4,,7,1,1,,9,1,,,,,,,7,1,1,1,9,1,,,,,,
2010,1,30,21,36,58,,,CHINA:  SICHUAN PROVINCE: MOXI,30.268,105.668,10,4.7,,1,1,,,15,1,,2,200,3,200,3,1,1,,,15,1,,2,200,3,,
2010,2,25,4,56,51.9,,,CHINA:  YUNNAN PROVINCE,25.523,101.903,36,4.8,,,,,,11,1,,1,,,,1,,,,,11,1,,1,,,,1
2010,4,13,23,49,38.3,,,CHINA:  QINGHAI PROVINCE:  YUSHU,33.165,96.548,17,6.9,,2968,4,,,12135,4,500,4,15000,4,,,2968,4,,,12135,4,500,4,15000,4,,
2010,8,29,0,53,31.4,,,"CHINA:  SICHUAN PROVINCE: NINGANG, ZIAOJIA",27.197,103.005,35,4.9,,,,,,14,1,,3,,,1001,4,,,,,14,1,,3,,,1001,4
2011,2,1,7,11,26,,,CHINA:  YUNNAN PROVINCE:  PINGYUAN,24.693,97.943,31,4.8,,,,,,1,1,,2,,,700,3,,,,,1,1,,2,,,700,3
2011,3,10,4,58,16,,,CHINA:  YUNNAN PROVINCE:  PINGYUAN,24.719,97.969,26,5.5,,25,1,,,250,3,,3,1039,4,12528,,25,1,,,250,3,,3,1039,4,12528,4
2011,4,10,9,2,47.3,,,CHINA:  SICHUAN PROVINCE:  LUHUO,31.373,100.757,43,5.1,,,,,,,,,1,,,,1,,,,,,,,1,,1,,
2011,6,8,1,53,26,,,CHINA:  XINJIANG PROVINCE:  DABANCHENG,43.015,88.247,21,5.3,,,,,,8,1,,1,,,50,1,,,,,8,1,,1,,,50,1
2011,6,20,10,16,55.2,,,CHINA:  YUNNAN PROVINCE:  BAOSHAN,25.075,98.721,39,5.3,,,,,,4,1,,2,,,,,,,,,4,1,,2,,,,
2011,6,26,7,48,16.7,,,CHINA:  QINGHAI PROVINCE,32.447,95.948,29,5.3,,,,,,,,,1,10,1,,3,,,,,,,,1,10,1,,3
2011,8,9,11,50,22.2,,,CHINA: YUNNAN PROVINCE: BAOSHAN,24.932,98.73,40,5,,,,,,,,,3,,,22823,4,,,,,3,1,,3,,,22823,4
2011,8,11,10,6,29.3,,,"CHINA:  XINJIANG PROVINCE:  SOUTHERN, KASHI",39.955,77.028,10,5.7,,,,,,21,1,,2,,,,,,,,,21,1,,2,,,,
2011,11,1,0,21,28,,,CHINA:  XINJIANG PROVINCE,43.648,82.437,28,5.6,,,,,,,,10.5,3,2453,4,,3,,,,,,,10.5,3,2453,2,,3
2011,12,1,12,48,17.7,,,"CHINA:  XINJIANG PROVINCE:  SOUTHERN, KASHI",38.31,76.888,32,5.3,,,,,,,,,2,,,300,3,,,,,,,,2,,,300,3
2012,3,8,22,50,8.4,,,CHINA: XINJIANG,39.383,81.307,38,5.9,,,,,,36641,4,84,4,,,,3,,,,,36641,4,84,4,,,,3
2012,6,24,7,59,34.8,,,CHINA:  YUNNAN AND SICHUAN PROVINCES,27.767,100.781,10,5.5,,4,1,,,394,3,,4,6768,4,,,4,1,,,394,3,,4,6768,4,,
2012,6,29,21,7,33.8,,,CHINA:  XINJIANG PROVINCE,43.433,84.7,18,6.3,,,,,,52,2,68,4,,,30000,4,,,,,52,2,68,4,,,30000,4
2012,7,20,12,11,52,,,CHINA:  JIANGSU PROVINCE,32.978,119.593,10,4.9,,1,1,,,2,1,,1,,,,,1,1,,,2,1,,1,,,,
2012,9,7,3,19,42.5,,,CHINA: YUNNAN PROVINCE:  ZHAOTONG:  YILIANG,27.575,103.983,10,5.6,,81,2,,,821,3,1000,4,37000,4,133000,4,81,2,,,821,3,1000,4,37000,4,133000,4
2012,11,26,5,33,48.8,,,CHINA:  XINJIANG PROVINCE:  RUOQIANG,40.411,90.355,10,5.1,,,,,,,,,1,,,,2,,,,,,,,1,,,,2
2013,2,19,2,47,1.2,,,CHINA:  YUNNAN PROVINCE:  QIAOJIA,27.226,103.071,10,4.9,,,,,,8,1,,2,72,2,949,3,,,,,8,1,,2,72,2,949,3
2013,3,3,5,41,16.9,,,CHINA:  YUNNAN PROVINCE,25.98,99.812,8,5.4,,,,,,30,1,,3,700,3,2500,4,,,,,30,1,,3,700,3,2500,4
2013,3,11,3,1,37.4,,,CHINA:  XINJIAN PROVINCE:  S,40.119,77.466,10,5.1,,,,,,,,,2,864,3,,,,,,,,,,2,864,3,,
2013,4,20,0,2,47.5,,,CHINA:  SICHUAN PROVINCE:  LONGMEN,30.308,102.888,14,6.6,,196,3,21,1,11470,4,6800,4,,3,,3,196,3,21,1,11470,4,6800,4,,3,,3
2013,7,21,23,45,56.6,,,"CHINA:   GANSU:  DINGXI, MIN",34.512,104.262,8,6,,95,2,,,887,3,466,4,123000,4,138000,4,95,2,,,887,3,466,4,123000,4,138000,4
2013,8,11,21,23,41.3,,,CHINA:  TIBET (XIZANG PROVINCE): QAMDO,30.046,97.957,6,5.7,,,,,,,,,2,,,,1,,,,,,,,2,,,,1
2013,8,27,20,44,53.4,,,CHINA:  YUNNAN PROVINCE: SHANGRI-LA,28.239,99.328,10,5.2,,,,,,,,,1,36,1,36,1,,,,,,,,1,36,1,36,1
2013,8,31,0,4,17.8,,,CHINA:  YUNNAN PROVINCE:  BENZILAN,28.243,99.35,8,5.6,,5,1,,,24,1,155,4,600,3,55500,4,5,1,,,24,1,155,4,600,3,55500,4
2013,11,22,22,4,25.4,,,CHINA:  JILIN PROVINCE:  SONGYUAN,44.599,124.168,10,5.3,3,,,,,,,,2,,,5300,4,,,,,,,,2,,,5300,4
2013,12,16,5,4,54.4,,,CHINA:  HUBEI PROVINCE,31.066,110.412,18,5.1,,,,,,,,6.3,3,,,,,,,,,,,6.3,3,,,,
2014,2,12,9,19,49.1,,,CHINA:  XINJIANG PROVINCE:  YUTIAN,35.905,82.586,10,6.9,3,,,,,,,174,4,25000,4,65000,4,,,,,,,174,4,25000,4,65000,4
2014,4,4,22,40,35.4,,,CHINA:  YUNNAN PROVINCE:  XILUODU,28.174,103.619,25,5.4,,,,,,21,1,80,4,75,2,2700,4,,,,,21,1,80,4,75,2,2700,4
2014,5,23,20,49,22,,,CHINA:   YUNNAN PROVINCE,24.974,97.844,8,5.8,,,,,,15,1,60,4,,,9688,4,,,,,15,1,60,4,,,9688,4
2014,5,30,1,20,15.2,,,CHINA:  YUNNAN PROVINCE:  YINGJIANG,25,97.845,10,5.9,,,,,,45,1,2,2,3390,4,18000,4,,,,,45,1,2,2,3390,4,18000,4
2014,8,3,8,30,13.6,,,"CHINA:  YUNNAN:  LUDIAN:   LONGTOUSHAN, ZHAOTONG",27.189,103.409,12,6.2,7,615,3,114,3,3143,4,5000,4,25800,4,160400,4,615,3,114,3,3143,4,5000,4,25800,4,160400,4
2014,8,16,22,7,59.6,,,CHINA:  YUNNAN PROVINCE:  YONGSHAN,28.125,103.546,10,5,7,,,,,6,1,,1,,,337,3,,,,,6,1,,1,,,337,3
2014,10,7,13,49,39.7,,,CHINA:   YUNNAN PROVINCE:  YONGPING,23.383,100.47,9,6.1,4,1,1,,,323,3,274,4,,1,,,1,1,,,323,3,274,4,,1,,
2014,11,22,8,55,26.6,,,CHINA:  SICHUAN PROVINCE:  GARZE,30.34,101.737,9,5.9,3,5,1,,,65,2,50,4,30,1,27400,4,5,1,,,65,2,50,4,30,1,27400,4
2014,12,6,10,20,1.5,,,CHINA:  YUNNAN PROVINCE:  YONGPING,23.358,100.533,10,5.6,3,1,1,,,22,1,,2,434,3,17000,4,1,1,,,22,1,,2,434,3,17000,4
2015,1,14,5,21,38.8,,,CHINA:  SICHUAN PROVINCE:  LESHAN,29.353,103.199,10,5.3,6,,,,,11,1,,2,,,2000,4,,,,,11,1,,2,,,2000,4
2015,2,20,22,37,50.3,,,CHINA:  YUNNAN PROVINCE,23.01,101.755,10,4.5,,,,,,,,,1,,,276,3,,,,,,,,1,,,276,3
2015,2,22,6,42,54.7,,,CHINA:  XINJIANG PROVINCE:  SHAWAN,44.133,85.568,12,5.1,3,,,,,,,14.65,3,,,1728,4,,,,,,,14.65,3,,,1728,4
2015,3,1,10,24,41.4,,,"CHINA:   YUNNAN PROVINCE:  CANGYUAN, GENGMA",23.566,98.854,10,5.2,,,,,,39,1,15,3,220,3,15800,4,,,,,39,1,15,3,220,3,15800,4
2015,3,14,6,13,35,,,CHINA:  ANHUI PROVINCE:  FUYANG,33.15,115.8,10,4.6,,2,1,,,13,1,,2,155,3,11079,4,2,1,,,13,1,,2,155,3,11079,4
2015,7,3,1,7,47.3,,,CHINA:  S. XINJIANG:  HOTAN,37.459,78.154,20,6.4,4,3,1,,,263,3,,3,3000,4,,,3,1,,,263,3,,3,3000,4,,
2016,5,11,1,15,47.2,,,CHINA:  TIBET (XIZANG PROVINCE),32.022,95.027,8,5.2,,,,,,60,2,,1,,1,,,,,,,60,2,,1,,1,,
2016,5,17,17,5,17.5,,,CHINA: YUNNAN PROVINCE: SHIMEN,26.085,99.575,51,4.8,,2,1,,,,,60,4,,,,,2,1,,,,,60,4,,,,
2016,7,31,9,18,14.2,,,CHINA:  GUANGXI PROVINCE,24.134,111.478,25,4.9,5,,,,,,,,2,,,200,3,,,,,,,,2,,,200,3
2016,11,25,14,24,30.7,,,CHINA:  XINJIANG PROVINCE:  KASHGAR,39.273,73.978,17,6.6,7,1,1,,,,,5.5,3,,2,,,1,1,,,,,5.5,3,,2,,
2016,12,8,5,15,4.6,,,CHINA:  N. XINJIANG:  URUMQI,43.823,86.345,18,6,7,1,1,,,,,135,4,,,,,1,1,,,,,135,4,,,,
2017,3,26,23,55,6.3,,,CHINA:   YUNNAN PROVINCE,25.938,99.841,28,5,2,,,,,1,1,31,4,,,,2,,,,,1,1,31,4,,,,2
2017,5,10,21,58,21.7,,,"CHINA: XINJIANG: QUZGUN, TAXKORGAN TAJIK",37.643,75.31,8,5.4,3,8,1,,,23,1,123,4,3015,4,,,8,1,,,23,1,123,4,3015,4,,
2017,8,8,13,19,49.5,,,CHINA:  SICHUAN PROVINCE:  ABA,33.193,103.855,9,6.5,5,29,1,,,525,3,500,4,100,2,72500,4,29,1,,,525,3,500,4,100,2,72500,4
2017,8,8,23,27,53.1,,,CHINA:  XINGJIANG: BORTALA,44.302,82.832,20,6.3,6,,,,,32,1,,2,142,3,1060,4,,,,,32,1,,2,142,3,1060,4
2017,11,17,22,34,19.5,,,CHINA:  TIBET (XIZANG PROVINCE): NYINGCHI,29.833,94.984,8,6.4,5,,,,,3,1,,3,,,3000,4,,,,,3,1,,3,,,3000,4
2017,11,23,9,43,34.7,,,CHINA: CHONGQING: WULONG,29.349,108.058,10,5.1,4,,,,,8,1,1.5,2,1,1,30,1,,,,,8,1,1.5,2,1,1,30,1
2018,5,27,17,50,52.6,,,CHINA:  JILIN PROVINCE:  NINGJIANG,45.236,124.642,10,5.3,5,,,,,,,,3,,,10000,4,,,,,,,,3,,,10000,4
2018,8,12,17,44,26.3,,,CHINA:   YUNNAN PROVINCE:  YUXI,24.298,102.91,10,5,4,,,,,24,1,74,4,,,8000,4,,,,,24,1,74,4,,,8000,4
2018,9,8,2,31,30.7,,,CHINA: YUNNAN PROVINCE:  MOJIANG HANI,23.332,101.578,8,5.7,4,,,,,28,1,,3,,,29000,4,,,,,28,1,,3,,,29000,4
2018,12,16,4,47,26,,,CHINA:  SICHUAN:  YIBIN,28.295,105.013,18,5.3,,,,,,17,1,7.255,3,15,1,6145,4,,,,,17,1,7.255,3,15,1,6145,4
2019,1,3,0,48,37,,,CHINA:  SICHUAN:  YIBIN,28.19,104.918,10,4.8,,,,,,774,3,,2,,,691,3,,,,,774,3,,2,,,691,3
2019,2,25,5,16,25,,,CHINA:  SICHUAN PROVINCE: RONGXIAN,29.47,104.609,10,4.9,,2,1,,,12,1,2,2,9,1,10911,4,2,1,,,12,1,2,2,9,1,10911,4
2019,5,17,22,24,52,,,CHINA:  JILIN PROVINCE:  SONGYUAN,45.205,124.611,17,4.8,,,,,,,,,1,,,167,3,,,,,,,,1,,,167,3
2019,6,17,14,55,45,,,CHINA:  SICHUAN:  YIBIN,28.405,104.957,10,5.8,,13,1,,,200,3,1300,4,,,12700,4,13,1,,,200,3,1300,4,,,12700,4
2019,9,7,22,42,14,,,CHINA:  SICHUAN PROVINCE: NEIJIANG,29.573,105.064,10,5.1,,1,1,,,63,2,,2,132,3,5041,4,1,1,,,63,2,,2,132,3,5041,4
2019,11,25,1,18,21,,,CHINA:  GUANGXI PROVINCE,22.96,106.711,10,5,,1,1,,,4,1,,1,,,,1,1,1,,,4,1,,1,,,,1
2019,12,18,0,14,7,,,CHINA:  SICHUAN PROVINCE: NEIJIANG,29.639,104.946,10,5.2,,,,,,18,1,,2,,,780,3,,,,,18,1,,2,,,780,3
2020,1,19,13,27,56,,,CHINA:  XINJIANG PROVINCE,39.831,77.106,6,6,,1,1,,,2,1,,3,,,,4,1,1,,,2,1,,3,,,,4
2020,4,1,12,23,27,,,CHINA:  QINGHAI PROVINCE,33.124,98.916,10,5.3,,,,,,,,11.28,3,,,790,3,,,,,,,11.28,3,,,790,3
2020,5,18,13,48,3,,,CHINA:   YUNNAN PROVINCE:  QIAOJIA,27.296,103.281,10,5.2,,4,1,,,24,1,,2,,1,,,4,1,,,24,1,17,3,,1,,
2021,3,23,21,14,18,,,CHINA: XINGJIANG: AKSU,41.812,81.155,10,5.4,,3,1,,,,,,2,,,65,2,3,1,,,,,,2,,,65,2
2021,5,21,13,48,37,,,"CHINA: YUNNAN PROVINCE: YANGBI, YONGPING",25.761,100.011,9,6.1,8,3,1,,,28,1,49,4,,,,,3,3,,,28,1,49,4,,,,
2021,5,21,18,4,13,,,CHINA: QINGHAI PROVINCE,34.598,98.251,10,7.3,9,20,1,,,300,3,,1,,,,,20,1,,,300,3,,1,,,,
2021,9,15,20,33,32,,,CHINA: SICHUAN PROVINCE: LUXIAN (LU),29.182,105.391,10,5.4,7,3,1,,,88,2,250,4,809,3,7290,4,3,1,,,88,2,250,4,809,3,7290,4
2022,1,2,7,2,13,,,CHINA:   YUNNAN PROVINCE,27.8,100.718,35,5.4,7,,,,,30,1,51,4,,4,,4,,,,,30,1,51,4,,4,,4
2022,1,7,17,45,30,,,"CHINA: QINGHAI, GANSU",37.815,101.278,13,6.6,9,,,,,9,1,510,4,,,8830,4,,,,,9,1,510,4,,,8830,4
2022,6,1,9,0,8,,,CHINA: SICHUAN PROVINCE,30.416,102.989,10,5.9,7,4,1,,,41,1,,2,,,,2,4,1,,,41,1,,2,,,,2
2022,6,9,17,28,37,,,CHINA:  SICHUAN PROVINCE,32.365,101.878,16,5.9,8,,,,,4,1,,2,,3,,,,,,,4,1,,2,,3,,
2022,9,5,4,52,19,,,CHINA:  SICHUAN PROVINCE,29.726,102.279,10,6.6,9,118,3,,,400,3,835,4,,,,,118,3,,,400,3,835,4,,,,
2023,5,2,15,27,23,,,CHINA:   YUNNAN PROVINCE,25.401,99.269,10,5.3,,,,,,10,1,65,4,,,2805,,,,,,10,1,65,4,,,2805,4
2023,8,5,18,33,58,,,CHINA: SHANGDONG PROVINCE: PINGYUAN,37.231,116.355,10,5.4,,,,,,24,1,,2,213,3,,,,,,,24,1,,,213,3,,
2023,12,18,15,59,30,,,CHINA:  GANSU PROVINCE: JISHISHAN,35.743,102.827,10,5.9,,151,3,,,967,3,2000,4,15000,4,207000,4,151,3,,,967,3,2000,4,15000,4,207000,4
2024,1,22,18,9,4,,,CHINA: XINJIANG PROVINCE;  KAZAKHSTAN,41.269,78.649,13,7,,3,1,,,72,2,,2,,,,,3,1,,,72,2,,2,,,,
2025,1,7,1,5,16,,,CHINA:  TIBET (XIZANG PROVINCE),28.639,87.361,10,7.1,,126,3,,,188,3,,4,3609,4,,,126,3,,,188,3,,4,3609,4,,
