year,mo,dy,hr,mn,sec,locationname,latitude,longitude,focaldepth,mag,mmiint,deaths,deathdescription,location
1950,2,2,19,33,39,CHINA:  YUNNAN PROVINCE,21.7,100.1,,7,,,,云南
1950,9,13,0,3,7,CHINA:  YUNNAN PROVINCE,23.5,103.1,,5.8,8,,,云南
1951,11,18,9,35,50,CHINA:  TIBET (XIZANG PROVINCE),31.1,91.4,25,7.5,,,,西藏
1951,12,21,8,37,29,CHINA:   YUNNAN PROVINCE,26.7,100,,6.3,9,,,云南
1952,6,19,12,12,59,CHINA:  YUNNAN PROVINCE,22.7,99.8,,6.5,8,,,云南
1952,8,17,16,2,11,CHINA:  TIBET (XIZANG PROVINCE),30.5,91.5,60,,10,54,2,西藏
1952,9,30,12,52,2,CHINA: SICHUAN PROVINCE,28.3,102.2,,6.8,9,,,四川
1952,10,8,14,24,1,CHINA:  SHANXI PROVINCE,39,112.7,,5.5,8,,,山西
1952,12,8,15,9,32,CHINA:  YUNNAN PROVINCE,22.9,99.7,,5.8,8,,,云南
1953,5,3,23,57,6,CHINA:  YUNNAN PROVINCE,24.2,103.2,,5,7,,,云南
1954,2,11,0,30,15,CHINA:  GANSU PROVINCE,39,101.3,,7.3,10,,,甘肃
1954,6,17,2,8,39,CHINA:  ANHUI PROVINCE,31.6,116.6,,5.3,6,,,安徽
1954,7,31,1,0,0,CHINA: NEI MONGOL,38.8,104.2,,7,,,,内蒙古
1954,10,24,11,41,6,CHINA:  SICHUAN PROVINCE,29.4,104.8,,5,7,,,四川
1955,4,14,1,29,2,CHINA:  SICHUAN PROVINCE,30,101.8,,7.5,9,39,1,四川
1955,4,15,3,40,58,CHINA:  XINJIANG PROVINCE,39.9,74.6,,7,9,,,新疆
1955,4,24,12,59,12,CHINA:  XINJIANG PROVINCE,44.2,83.6,,6.5,,,,新疆
1955,6,7,0,48,54,CHINA:  YUNNAN PROVINCE,26.5,101.1,,6,8,,,云南
1955,9,23,15,6,23,CHINA:  YUNNAN PROVINCE,26.6,101.8,10,6.8,9,,1,云南
1955,10,1,6,29,55,CHINA:  SICHUAN PROVINCE,29.9,101.4,,5.8,7,,,四川
1956,8,19,0,44,33,CHINA:  SHANXI PROVINCE,37.8,114,,5,7,,,山西
1956,12,31,21,33,22,CHINA:  HEBEI PROVINCE,40.5,115.5,,5,6,,,河北
1957,6,10,20,2,2,CHINA:  SHANXI PROVINCE,38,112.5,,5,6,,,山西
1958,2,7,23,23,36,CHINA:  SICHUAN PROVINCE,31.5,104,,6.2,7,,,四川
1958,9,25,1,5,36,CHINA:  GUANGXI PROVINCE,22.5,109.5,,5.8,7,,,广西
1959,7,2,18,33,54,CHINA:  HENAN PROVINCE,31.8,115.3,,5,6,,,河南
1959,8,10,23,7,29,CHINA:  SHAANXI PROVINCE,35.6,110.9,,5.4,7,,,陕西
1959,11,15,10,25,16,CHINA:  XINGJIANG,38.75,75.317,,6.4,,,1,新疆
1960,2,2,23,51,59,CHINA:  GANSU PROVINCE,33.8,104.5,,5.3,6,,,甘肃
1960,4,13,7,57,49,CHINA:  JILIN PROVINCE,44.7,127,,5.8,8,,,吉林
1960,11,9,10,43,42,CHINA:  SICHUAN PROVINCE,32.7,103.7,,6.8,9,,,四川
1961,3,7,19,0,48,CHINA:  HUBEI PROVINCE,30.5,110,,4.9,7,,,湖北
1961,4,13,16,34,39,CHINA: XINJIANG,39.8,77.7,,6.8,9,,,新疆
1961,6,11,17,15,33,CHINA:   YUNNAN PROVINCE,24.97,98.63,33,5.8,8,,,云南
1961,6,27,7,3,41,CHINA:   YUNNAN PROVINCE,27.73,99.75,25,6,8,,,云南
1961,10,1,0,16,1,CHINA:  GANSU PROVINCE,34.33,104.78,,5.7,7,,,甘肃
1962,3,18,20,18,53,CHINA:  GUANGDONG PROVINCE,23.72,114.67,25,6.1,8,1,1,广东
1962,4,23,4,18,1,CHINA:  YUNNAN PROVINCE,23.6,106.1,,5.5,7,,,云南
1962,5,21,12,2,52,CHINA:  QINGHAI PROVINCE,37.1,96,,6.8,,,,青海
1962,6,24,1,21,18,CHINA:   YUNNAN PROVINCE,25.2,101.2,18,6.2,7,,,云南
1962,8,19,18,26,38,CHINA:  XINJIANG,44.68,81.58,,6.4,8,,,新疆
1962,12,17,9,36,1,CHINA:  NINGXIA,38.12,106.27,,5.5,7,,,宁夏
1963,4,19,7,35,21,CHINA:  QINGHAI PROVINCE,35.7,97,,7,8,,,青海
1963,4,23,9,55,7,CHINA:   YUNNAN PROVINCE,25.8,99.5,,6,7,,,云南
1963,6,21,13,44,24,CHINA:  HEILONGJIANG PROVINCE,47.9,130.6,,5.8,7,,,黑龙江
1963,8,29,8,53,50,CHINA:  XINJIANG,39.8,74.2,,6.5,,1,1,新疆
1964,2,13,10,3,53,CHINA:   YUNNAN PROVINCE,26.1,101,15,5.4,7,,,云南
1964,9,1,22,20,30,CHINA:  SHANXI PROVINCE,35.1,111.6,,4.7,,,,山西
1965,1,12,17,18,9,CHINA:  SHANXI PROVINCE,35,111.63,10,5.5,7,,,山西
1965,7,3,11,26,12,CHINA:   YUNNAN PROVINCE,22.4,101.6,15,6.1,7,,,云南
1965,11,13,4,33,55,CHINA:  XINJIANG PROVINCE,43.9,87.8,,6.6,8,,,新疆
1966,1,31,2,35,3,CHINA:  YUNNAN PROVINCE,27.9,99.7,,5.1,7,,,云南
1966,2,5,15,12,27,CHINA:  YUNNAN PROVINCE,26.1,103.1,,6.5,9,,,云南
1966,2,13,10,44,36,CHINA:   YUNNAN PROVINCE,26.1,103.1,,6.2,,,,云南
1966,3,6,0,12,19,CHINA:  HEBEI PROVINCE,37.47,115.03,,5.2,7,,,河北
1966,3,7,21,29,17,CHINA:  HEBEI PROVINCE,37.35,114.92,8,7.4,9,,3,河北
1966,3,19,16,59,31,CHINA:  HEBEI PROVINCE,37.27,114.97,,5.6,6,,,河北
1966,3,22,8,19,27,CHINA:  HEBEI PROVINCE,37.5,115.1,15,7.6,10,,3,河北
1966,3,26,15,19,4,CHINA:  HEBEI PROVINCE,37.68,115.27,,6.2,7,,,河北
1966,4,20,14,31,15,CHINA:  HEBEI PROVINCE,37.25,114.78,,5.3,,,,河北
1966,9,19,5,3,53,CHINA:  YUNNAN PROVINCE,24,97.7,,5.4,7,,,云南
1966,9,28,14,0,19,CHINA:   YUNNAN PROVINCE,27.5,100.1,,6.4,9,,,云南
1966,10,2,2,24,57,CHINA:  JILIN PROVINCE,43.83,125.12,,5.2,7,,,吉林
1967,1,24,14,45,12,CHINA:  SICHUAN PROVINCE,30.2,104.1,,5.5,7,,,四川
1967,3,27,8,58,20,"CHINA:  HEBEI PROVINCE:  HEJIAN, DACHENG",38.5,116.5,30,6.3,7,,,河北:河间市、大城
1967,8,30,4,22,3,CHINA: SICHUAN PROVINCE,31.6,100.3,10,6.8,9,,,四川
1967,12,2,20,5,48,CHINA:  HEBEI PROVINCE:  SHULU,37.717,115.217,25,5.7,7,,,河北: 蜀鹿
1967,12,18,14,7,45,CHINA:  SHANXI PROVINCE,36.467,111.217,30,5.4,6,,,山西
1969,2,11,22,8,54,CHINA:  XINJIANG PROVINCE:  WUSHI,41.45,79.367,10,6.3,7,4,1,新疆:乌什
1969,7,18,5,24,50,CHINA:  BOHAI SEA,38.2,119.4,6,7.4,9,10,1,渤海
1969,7,25,22,49,43,CHINA:  GUANGDONG PROVINCE:  YANGJIANG COUNTY,22.317,111.8,5,6.4,8,3000,4,广东:阳江县
1969,9,14,14,46,23,CHINA:  XINJIANG PROVINCE,39.7,74.8,,5.5,7,,,新疆
1970,1,4,17,0,40.2,CHINA:  YUNNAN PROVINCE; VIETNAM:  HANOI,24.1,102.5,31,7.8,10,10000,4,云南
1971,8,16,4,58,0.3,CHINA:  SICHUAN PROVINCE:  MABIAN,28.9,103.7,,5.9,7,,1,四川: 马边
1973,2,6,10,37,10.1,CHINA:  SICHUAN PROVINCE,31.4,100.58,33,7.6,10,,,四川
1973,7,14,4,51,21,CHINA:  TIBET (XIZANG PROVINCE),35.18,86.48,33,7.5,,,,西藏
1974,4,22,0,29,19.8,CHINA:  JIANGSU PROVINCE,31.6,119.2,16,5.5,,,,江苏
1974,5,10,19,25,15,"CHINA:  YUNNAN AND SICHUAN PROVINCES, CHAO-T'UNG",28.24,104.01,11,7.1,,20000,4,云南和四川:昭通
1975,2,4,11,36,7.5,"CHINA:  LIAONING PROVINCE:  YINGTAO, ANSHAN",40.64,122.58,33,7.4,10,300,3,辽宁:海城
1976,5,29,12,23,18.7,CHINA:  YUNNAN PROVINCE:  LUNGLING-LUSHI,24.57,98.953,8,7.3,9,,2,云南:龙陵-卢氏
1976,5,29,14,0,18.5,CHINA:  YUNNAN PROVINCE:  LUNGLING-LUSHI,24.531,98.71,10,7.4,9,,2,云南:龙陵-卢氏
1976,7,27,19,42,54.6,CHINA:  NE:  TANGSHAN,39.57,117.98,23,7.5,11,242769,4,河北:唐山
1976,7,28,10,45,35.2,CHINA:  NE:  TANGSHAN,39.664,118.401,26,7.4,9,,2,河北:唐山
1979,7,9,10,57,22.1,CHINA:  JIANGSU PROVINCE:  LIYANG,31.452,119.241,11,5.4,8,42,1,江苏:溧阳市
1979,8,24,16,59,30.8,CHINA:  NEI MONGOL:  WU-YUAN,41.145,108.129,33,5.9,,,,内蒙古:五原
1981,1,23,21,13,51.7,CHINA:  SICHUAN PROVINCE,30.927,101.098,33,6.8,8,150,3,四川
1982,4,14,6,36,56.7,CHINA:  GANSU PROVINCE,36.785,105.55,33,4.6,,,,甘肃
1982,6,15,23,24,28.6,CHINA:  SICHUAN PROVINCE:  GARZE,31.907,99.931,10,5.5,7,10,1,四川:甘孜
1983,2,13,1,40,10.9,CHINA:  XINJIANG WEIWUER ZIZHIQU PROVINCE: WUQUA S,39.945,75.135,16,6.2,8,,,新疆
1983,4,5,6,50,33.4,CHINA:  XINJIANG WEIWUER ZIZHIQU PROVINCE:  WUQUA,40.025,75.26,33,5.6,,,1,新疆
1983,11,6,21,9,45.2,"CHINA:  E, HEZE-DONGMING, SHANDONG PROVINCE",35.206,115.213,19,5.3,7,34,1,山东:菏泽-东明
1985,4,18,5,52,52.8,CHINA:  YUNNAN PROVINCE,25.926,102.871,5,5.8,8,23,1,云南
1985,8,23,12,41,56.1,CHINA:  S XINJIANG:  WUQUA-SHUFU,39.431,75.224,7,7.5,7,71,2,新疆
1987,1,5,22,52,46.5,CHINA:  S XINJIANG PROVINCE:  BAICHENG,41.964,81.319,17,5.8,,,,新疆:白城
1987,1,24,8,9,21.3,"CHINA:  XINGJIANG WEIWUER ZIZHIQU PROVINCE, WUSHI",41.529,79.318,29,5.9,,,,新疆:乌什
1987,8,2,9,7,35.5,CHINA:  GANZHOU PROVINCE:  XUNWU,24.924,115.608,29,4.9,4,,,江西:赣州、 寻乌
1988,1,3,21,32,25.3,CHINA:  LINGWU,38.111,106.336,14,5.5,,,,宁夏:灵武
1988,11,6,13,3,19.3,CHINA:  YUNNAN PROVINCE,22.789,99.611,18,7.3,10,738,3,云南
1988,11,6,13,15,43.3,CHINA:  YUNNAN PROVINCE,23.181,99.439,10,6.4,,,,云南
1988,11,10,1,17,49.4,"CHINA:  E, QINZHOU-FANGCHENG, NANNING",21.23,108.545,10,4.6,,,,广西:南宁钦州-防城
1989,4,15,20,34,8.9,CHINA:  SICHUAN PROVINCE:  BATANG,29.987,99.195,13,6.2,,11,1,四川:巴塘
1989,5,7,0,38,18.5,"CHINA:  YUNNAN PROVINCE:  GENGMA, LANCANG, MENGLIAN",23.553,99.526,33,5.6,,1,1,云南:耿马、澜沧、孟连
1989,9,22,2,25,50.8,CHINA:  SICHUAN PROVINCE:  XIAOJIN COUNTY,31.583,102.433,15,6.1,,1,1,四川:小金县
1989,10,18,14,57,22.4,CHINA:  SHANXI AND HEBEI PROVINCES; DATONG,39.893,113.884,10,5.3,8,29,1,河北和山西:大同
1989,11,20,3,21,7.8,CHINA:  SICHUAN PROVINCE:  JIANGBEI COUNTY,29.882,106.804,33,4.7,,4,1,四川:江北县
1990,4,17,1,59,33.4,CHINA:  S XINJIANG:  WUQIA COUNTY,39.436,74.9,33,6.2,,,,新疆:乌恰县
1990,4,26,9,37,15,CHINA:  QINGHAI PROVINCE:  GANGHE-XINGHAI,35.986,100.245,8,6.9,,126,3,青海
1990,10,20,8,7,27.5,CHINA:  GANSU PROVINCE:  TIANZHU,37.093,103.781,12,5.8,4,7,1,甘肃:天竺
1991,2,25,14,30,27.6,CHINA:  S XINJIANG:  KALPIN,40.386,78.959,21,6.1,,,,新疆
1991,3,25,18,2,41.5,"CHINA:  NE, DATONG",39.887,113.923,10,5.5,,,,东北、大同
1992,1,5,6,,,CHINA:  S. CHINA SEA,18,108,8,3.7,,,,南海
1993,1,26,20,32,6.9,CHINA:  YUNNAN PROVINCE,23.027,101.062,33,5.6,,,,云南
1993,3,20,14,51,59.7,CHINA:  TIBET (XIZANG PROVINCE): NGAMRING,29.084,87.333,12,6.2,,2,1,西藏
1993,11,30,20,37,12.8,CHINA:  SOUTHERN XINJIANG:  SHUFU,39.263,75.533,18,5.6,,,,新疆
1994,1,3,5,52,27.6,CHINA:  QINGHAI PROVINCE:  GONGHE,36.028,100.104,8,5.7,,,,青海:共和
1994,12,31,2,57,20.8,"CHINA:  GUANGXI PROVINCE, GUANDONG PROVINCE",20.524,109.33,33,5.3,,,,广西、广东
1995,7,11,21,46,39.7,"CHINA: YUNNAN PROVINCE: LANCANG, MENGLIAN; THAILAND",21.966,99.196,13,6.8,,11,1,云南:澜沧、孟连
1995,7,21,22,44,4.5,"CHINA:  GANSU, YONGDENG, BAIYIN, DINGXI, JINGTAI",36.427,103.123,13,5.6,,14,1,甘肃:永登、白银、定西、景泰
1995,10,23,22,46,50.8,CHINA:  YUNNAN PROVINCE:  WUDING,26.003,102.227,10,6.2,,81,2,云南:武定
1996,2,3,11,14,20.1,CHINA:  YUNNAN PROVINCE:  LIJIANG,27.291,100.276,11,6.6,9,322,3,云南:丽江
1996,3,19,15,0,26,"CHINA:  S. XINJIANG:   ARTUX, JIASHI, BACHU, KASHI",39.993,76.696,28,6.3,,24,1,新疆:阿图什、伽师、巴楚、喀什
1996,5,3,3,32,47.1,"CHINA:  NEI MONGOL:  BAOTOU, BEIJING, HOHHOT",40.774,109.661,26,6,8,23,1,内蒙古:包头、呼和浩特
1997,1,21,1,48,30.1,CHINA:  SOUTHERN XINJIANG:  JIASHI COUNTY,39.474,76.998,33,5.9,,12,1,新疆:伽师
1997,3,1,6,4,14.1,"CHINA:  S. XINJIANG, JIASHI COUNTY, KASHI",39.422,76.839,22,5.6,,2,1,新疆:伽师、喀什
1997,4,5,23,46,19.5,"CHINA:  S. XINJIANG, JIASHI COUNTY",39.513,76.865,33,5.9,,,,新疆:伽师
1997,4,6,4,36,35.2,CHINA:  S. XINJIANG,39.537,76.998,33,6,,,,新疆:南疆
1997,4,11,5,34,42.7,"CHINA:  S. XINJIANG, BACHU, SHULE, YINGJISHA",39.527,76.941,15,6.2,,9,1,新疆:南疆、巴楚、疏勒、英吉沙
1997,11,8,10,2,52.6,CHINA:  TIBET (XIZANG PROVINCE),35.069,87.325,33,7.5,,,,西藏
1998,1,10,3,50,41.5,"CHINA:  NORTHEASTERN: SHANGYI-ZHANGBEI, HEBEI",41.083,114.5,30,5.7,8,70,2,河北:张北
1998,3,19,13,51,33.7,"CHINA:  SOUTHERN XINJIANG: ARTUX, KASHGAR",39.977,76.731,33,5.6,,,,新疆:阿图什、喀什
1998,5,28,21,11,44.1,CHINA:  SOUTHERN XINJIANG,37.388,78.843,33,5.6,,,,新疆:南疆
1998,8,27,9,3,36.6,CHINA:  SOUTHERN XINJIANG:  JIASHI,39.66,77.343,33,6.4,,3,1,新疆:南疆
1998,11,19,11,38,14.8,"CHINA:  SICHUAN PROVINCE: HUAPING, LIJIANG, NINGLAG",27.308,101.029,33,5.6,,5,1,四川:华坪
1998,12,1,7,37,56.1,CHINA:  YUNNAN PROVINCE  SOUTHEASTERN,26.373,104.021,10,4.5,,,,云南
1999,3,11,13,18,9.3,CHINA:  NE: ZHANGBEI COUNTY,41.131,114.658,33,5.1,,,,东北
1999,11,1,13,25,16.5,CHINA:  SHANXI:  NORTHEASTERN,39.899,113.983,10,5.3,,,,山西:东北部
1999,11,24,16,40,21.2,CHINA:  YUNNAN PROVINCE:  CHENGJIANG,24.589,102.872,33,4.6,,1,1,云南:澄江
1999,11,29,4,10,40.9,CHINA:  NORTHEASTERN:  SANJIANFANG,40.459,122.889,10,5,,,,东北
2000,1,11,23,43,56.4,CHINA:  LIAONING PROVINCE,40.498,122.994,10,5.1,,,,辽宁
2000,1,14,23,37,7.8,CHINA:  YUNNAN PROVINCE:  YAOAN COUNTY,25.607,101.063,33,5.9,,5,1,云南:姚安县
2000,6,7,21,46,55.9,CHINA:  YUNNAN PROVINCE:  LIUKU; MYANMAR,26.856,97.238,33,6.3,,,,云南:六库
2000,8,21,13,25,44.5,CHINA:  YUNNAN PROVINCE:  WUDING,25.826,102.194,33,4.2,,1,1,云南:武定
2001,2,23,0,9,23.6,"CHINA:  SICHUAN PROVINCE:  KANGDING, YAJIANG",29.513,101.129,33,5.6,,3,1,四川:康定、雅江
2001,5,23,21,10,43.9,CHINA:  YUNNAN:  NINGLANG; SICHUAN:  YANYUAN,27.689,101.003,33,5.5,,2,1,云南:宁蒗；四川:盐源
2001,7,14,18,36,8.3,CHINA:  YUNNAN PROVINCE:  JIANGCHUAN,24.455,102.66,33,4.3,,,,云南: 江川
2001,10,27,5,35,39.7,CHINA:  YUNNAN PROVINCE:  YONGSHENG,26.316,100.648,10,5.6,,1,1,云南: 永胜
2001,11,14,9,26,10,CHINA:  QINGHAI PROVINCE:  XIDATAN,35.946,90.541,10,7.8,,,,青海:西大滩
2002,8,8,11,42,5,CHINA:  SICHUAN PROVINCE:  RULONG,30.916,99.927,33,5.3,,,,四川:如龙
2002,12,14,13,27,29.1,CHINA:  GANSU PROVINCE:  YUMNE,39.736,97.443,22,5.5,,2,1,甘肃
2002,12,25,12,57,3.2,CHINA:  XINJIANG:  WUQIA,39.57,75.254,10,5.7,,,,新疆:乌恰
2003,2,13,17,34,20.9,CHINA:  N. XINJIANG:  URUMQI,43.897,85.923,24,5.3,,,,新疆:乌鲁木齐
2003,2,24,2,3,41.4,CHINA:  S. XINJIANG:  BACHU,39.61,77.23,11,6.3,,261,3,新疆:巴楚
2003,2,25,3,52,41,CHINA:  S. XINJIANG:  BACHU,39.483,77.393,10,5.4,,5,1,新疆:巴楚
2003,4,17,0,48,38.5,CHINA:  QINGHAI PROVINCE:  DELINGHA,37.529,96.476,14,6.4,,,,青海:德令哈
2003,5,4,15,44,35.5,CHINA:  S. XINJIANG:  YOPURGA,39.43,77.219,10,5.8,,1,1,新疆
2003,7,21,15,16,31.9,CHINA:  YUNNAN PROVINCE,25.975,101.29,10,5.9,,16,1,云南
2003,8,16,10,58,42.7,"CHINA:  NEI MONGOL:  LINDONG, TIANSHAN",43.77,119.643,24,5.4,,4,1,内蒙古:天山
2003,8,18,9,3,3.5,"CHINA:  TIBET (XIZANG PROVINCE): BOMI,MEDOG,NYINGCHI",29.573,95.605,33,5.5,,,,西藏:波密、墨脱、林芝
2003,10,16,12,28,9,CHINA:  YUNNAN PROVINCE:  DAYAO,25.954,101.254,33,5.6,,3,1,云南:大姚
2003,10,25,12,41,35.2,"CHINA:  GANSU PROVINCE:  MINLE, SHANDAN",38.4,100.951,10,5.8,,9,1,甘肃:民乐、山丹
2003,11,13,2,35,10.3,"CHINA:  GANSU PROVINCE:  JONE, LINTAN, MINXIAN",34.712,103.834,10,5.1,,1,1,甘肃:临潭、岷县
2003,11,14,18,49,46.5,"CHINA:  YUNNAN PROVINCE:  LUDIAN, ZHAOTONG",27.372,103.971,33,5.6,,4,1,云南:鲁甸、昭通
2003,11,26,13,38,57.8,CHINA:  YUNNAN PROVINCE:  LUDIAN,27.283,103.753,33,4.7,,,,云南:鲁甸
2003,12,1,1,38,31.9,CHINA:  XINJIANG:  ZHAOSU,42.905,80.515,10,6,,11,1,新疆:昭苏
2004,3,24,1,53,49.4,"CHINA:  NEI MONGOL:  BAYAN UL HOT, ULIASTAI",45.382,118.256,19,5.4,,,,内蒙古:巴彦乌拉
2004,5,4,5,4,58.3,CHINA:  QINGHAI PROVINCE:  DELINGHA,37.506,96.758,14,5.4,,,,青海:德令哈
2004,8,10,10,26,14.7,CHINA:  YUNNAN PROVINCE:  LUDIAN,27.266,103.873,6,5.4,,4,1,云南: 鲁甸
2004,9,7,12,15,49.7,CHINA:  GANSU PROVINCE,34.682,103.781,10,5.2,,,,甘肃
2004,10,18,22,11,44.9,CHINA:  YUNNAN PROVINCE:  BAOSHAN,25.073,99.169,30,4.4,,,,云南:保山
2005,1,25,16,30,38.9,CHINA:  YUNNAN PROVINCE:  SIMAO,22.526,100.709,12,4.8,,,,云南:思茅
2005,2,14,23,38,8.6,CHINA:  XINJIANG PROVINCE:  WUSHI,41.728,79.44,22,6.1,,,,新疆:乌什
2005,7,25,15,43,41.1,CHINA:  DAQING,46.827,125.058,48,4.7,,1,1,东北:大庆
2005,8,5,14,14,48,CHINA:  YUNNAN PROVINCE:  HUIZE,26.569,103.036,42,4.8,,,,云南:会泽
2005,8,13,4,58,44.8,CHINA:  YUNNAN PROVINCE:  WENSHAN,23.627,104.103,10,4.5,,,,云南:文山
2005,10,27,11,18,57.3,CHINA:  GUANGXI PROVINCE,23.604,107.798,10,4.2,,1,1,广西
2005,11,26,0,49,37.6,"CHINA:  JIANGXI:  JIUJIANG, RUICHANG",29.695,115.689,10,5.2,,16,1,江西:九江、瑞昌
2006,3,31,12,23,17.8,"CHINA:  JILIN PROVINCE:  JILIN, SONGYUAN",44.624,124.122,10,4.9,,,,吉林:松原
2006,4,19,2,5,42.9,CHINA:  TIBET (XIZANG PROVINCE),31.607,90.413,33,5.7,,,,西藏
2006,6,20,16,52,57.9,CHINA:  GANSU PROVINCE,33.068,104.95,24,4.5,,,,甘肃
2006,7,22,1,10,29,CHINA:  YANJIN,27.995,104.138,56,4.9,,22,1,云南:盐津
2006,8,25,5,51,44.3,CHINA:  SICHUAN PROVINCE,28.012,104.151,22,4.6,,1,1,四川
2006,10,27,10,52,5.7,CHINA:  HUBEI,31.56,113.21,10,4.5,,,,湖北
2006,11,3,6,21,39.2,CHINA:  NEI MONGOL,43.469,119.558,10,4.7,,,,内蒙古
2006,11,23,11,4,44.3,CHINA:  XINJIANG PROVINCE:  NORTH,44.229,83.524,20,4.7,,,,新疆:北部
2007,1,9,14,49,48.8,CHINA:  GANSU PROVINCE,37.021,103.911,20,4.5,,,,甘肃
2007,1,10,17,18,58.3,CHINA:  GANSU PROVINCE,33.259,104.74,23,4.7,,,,甘肃
2007,6,2,21,34,57.7,CHINA:  YUNNAN PROVINCE:  NING'ER,23.028,101.052,5,6.1,,3,1,云南:宁洱市
2007,7,20,10,6,52,CHINA:  XINJIANG:  TEKES,42.913,82.378,10,5.6,,,,新疆:特克斯
2008,3,20,22,32,57.9,CHINA:  XINJIANG PROVINCE,35.49,81.467,10,7.2,,,,新疆
2008,5,12,6,28,0.5,CHINA:  SICHUAN PROVINCE,30.98,103.396,10,7.9,9,87652,4,四川:汶川
2008,5,25,8,21,48.7,CHINA:  SICHUAN PROVINCE,32.57,105.424,10,6,,8,1,四川
2008,5,27,8,37,51.5,CHINA:  SICHUAN PROVINCE,32.71,105.54,10,5.7,,,,四川
2008,7,24,7,9,30,CHINA:  SICHUAN PROVINCE,32.747,105.542,10,5.6,,1,1,四川
2008,8,1,8,32,43,CHINA:  SICHUAN PROVINCE,32.036,104.722,7,5.7,,,,四川
2008,8,5,9,49,17.2,CHINA:  SICHUAN PROVINCE,32.756,105.494,6,6,,4,1,四川
2008,8,19,21,35,17.2,CHINA:  YUNNAN PROVINCE,25.051,97.919,46,5,,,,云南
2008,8,21,12,24,29.5,CHINA:  YUNNAN PROVINCE,25.044,97.684,1,6,,5,1,云南
2008,8,25,13,21,58.8,CHINA:  TIBET (XIZANG PROVINCE),30.901,83.52,12,6.7,8,,,西藏
2008,8,30,8,30,54,CHINA:  SICHUAN PROVINCE,26.272,101.937,17,5.9,,43,1,四川
2008,10,6,8,30,45.5,CHINA:  TIBET (XIZANG PROVINCE),29.807,90.35,12,6.3,,9,1,西藏
2008,11,10,1,22,2.5,CHINA:  QINGHAI PROVINCE,37.565,95.833,19,6.3,,,,青海
2008,12,9,18,53,11.1,CHINA:  SICHUAN PROVINCE,32.518,105.395,25,4.5,,2,1,四川
2008,12,25,20,20,51.5,CHINA:  YUNNAN PROVINCE:  SIMAO,23.97,97.569,35,4.8,,,,云南:思茅
2009,2,20,10,2,29.1,CHINA:  XINJIANG PROVINCE,40.657,78.692,17,5.5,,,,新疆
2009,7,9,11,19,16.2,CHINA:  YUNNAN PROVINCE:  YAOAN COUNTY,25.632,101.095,7,5.7,,,,云南:姚安
2009,7,24,3,11,56.8,CHINA: TIBET (XIZANG PROVINCE):   GYUNGCAN,31.158,85.902,13,5.8,,,,西藏
2009,8,8,13,26,17.5,CHINA:  CHONGQING PROVINCE:  RONGCHANG,29.358,105.438,10,3.4,,2,1,重庆:荣昌
2009,8,28,1,52,6.6,CHINA:  QINGHAI PROVINCE,37.696,95.718,13,6.2,,,,青海
2009,11,1,21,7,20.6,CHINA:  YUNNAN PROVINCE,25.962,100.825,25,4.9,,,,云南
2010,1,17,9,37,26.1,CHINA:  GUIZHOU PROVINCE,25.558,105.804,27,4.4,,7,1,贵州
2010,1,30,21,36,58,CHINA:  SICHUAN PROVINCE: MOXI,30.268,105.668,10,4.7,,1,1,四川:磨西
2010,2,25,4,56,51.9,CHINA:  YUNNAN PROVINCE,25.523,101.903,36,4.8,,,,云南
2010,4,13,23,49,38.3,CHINA:  QINGHAI PROVINCE:  YUSHU,33.165,96.548,17,6.9,,2968,4,青海:玉树
2010,8,29,0,53,31.4,"CHINA:  SICHUAN PROVINCE: NINGANG, ZIAOJIA",27.197,103.005,35,4.9,,,,四川
2011,2,1,7,11,26,CHINA:  YUNNAN PROVINCE:  PINGYUAN,24.693,97.943,31,4.8,,,,云南:平远
2011,3,10,4,58,16,CHINA:  YUNNAN PROVINCE:  PINGYUAN,24.719,97.969,26,5.5,,25,1,云南:平远
2011,4,10,9,2,47.3,CHINA:  SICHUAN PROVINCE:  LUHUO,31.373,100.757,43,5.1,,,,四川
2011,6,8,1,53,26,CHINA:  XINJIANG PROVINCE:  DABANCHENG,43.015,88.247,21,5.3,,,,新疆:达坂城
2011,6,20,10,16,55.2,CHINA:  YUNNAN PROVINCE:  BAOSHAN,25.075,98.721,39,5.3,,,,云南:保山
2011,6,26,7,48,16.7,CHINA:  QINGHAI PROVINCE,32.447,95.948,29,5.3,,,,青海
2011,8,9,11,50,22.2,CHINA: YUNNAN PROVINCE: BAOSHAN,24.932,98.73,40,5,,,,云南:保山
2011,8,11,10,6,29.3,"CHINA:  XINJIANG PROVINCE:  SOUTHERN, KASHI",39.955,77.028,10,5.7,,,,新疆:南部、喀什
2011,11,1,0,21,28,CHINA:  XINJIANG PROVINCE,43.648,82.437,28,5.6,,,,新疆
2011,12,1,12,48,17.7,"CHINA:  XINJIANG PROVINCE:  SOUTHERN, KASHI",38.31,76.888,32,5.3,,,,新疆:南部、喀什
2012,3,8,22,50,8.4,CHINA: XINJIANG,39.383,81.307,38,5.9,,,,新疆
2012,6,24,7,59,34.8,CHINA:  YUNNAN AND SICHUAN PROVINCES,27.767,100.781,10,5.5,,4,1,云南、四川
2012,6,29,21,7,33.8,CHINA:  XINJIANG PROVINCE,43.433,84.7,18,6.3,,,,新疆
2012,7,20,12,11,52,CHINA:  JIANGSU PROVINCE,32.978,119.593,10,4.9,,1,1,江苏
2012,9,7,3,19,42.5,CHINA: YUNNAN PROVINCE:  ZHAOTONG:  YILIANG,27.575,103.983,10,5.6,,81,2,云南:昭通、宜良
2012,11,26,5,33,48.8,CHINA:  XINJIANG PROVINCE:  RUOQIANG,40.411,90.355,10,5.1,,,,新疆:若羌
2013,2,19,2,47,1.2,CHINA:  YUNNAN PROVINCE:  QIAOJIA,27.226,103.071,10,4.9,,,,云南
2013,3,3,5,41,16.9,CHINA:  YUNNAN PROVINCE,25.98,99.812,8,5.4,,,,云南
2013,3,11,3,1,37.4,CHINA:  XINJIAN PROVINCE:  S,40.119,77.466,10,5.1,,,,新疆
2013,4,20,0,2,47.5,CHINA:  SICHUAN PROVINCE:  LONGMEN,30.308,102.888,14,6.6,,196,3,四川:雅安
2013,7,21,23,45,56.6,"CHINA:   GANSU:  DINGXI, MIN",34.512,104.262,8,6,,95,2,甘肃:定西
2013,8,11,21,23,41.3,CHINA:  TIBET (XIZANG PROVINCE): QAMDO,30.046,97.957,6,5.7,,,,西藏:昌都
2013,8,27,20,44,53.4,CHINA:  YUNNAN PROVINCE: SHANGRI-LA,28.239,99.328,10,5.2,,,,云南:香格里拉
2013,8,31,0,4,17.8,CHINA:  YUNNAN PROVINCE:  BENZILAN,28.243,99.35,8,5.6,,5,1,云南:奔子栏
2013,11,22,22,4,25.4,CHINA:  JILIN PROVINCE:  SONGYUAN,44.599,124.168,10,5.3,3,,,吉林:松原
2013,12,16,5,4,54.4,CHINA:  HUBEI PROVINCE,31.066,110.412,18,5.1,,,,湖北
2014,2,12,9,19,49.1,CHINA:  XINJIANG PROVINCE:  YUTIAN,35.905,82.586,10,6.9,3,,,新疆:于田
2014,4,4,22,40,35.4,CHINA:  YUNNAN PROVINCE:  XILUODU,28.174,103.619,25,5.4,,,,云南:溪洛渡
2014,5,23,20,49,22,CHINA:   YUNNAN PROVINCE,24.974,97.844,8,5.8,,,,云南
2014,5,30,1,20,15.2,CHINA:  YUNNAN PROVINCE:  YINGJIANG,25,97.845,10,5.9,,,,云南:盈江
2014,8,3,8,30,13.6,"CHINA:  YUNNAN:  LUDIAN:   LONGTOUSHAN, ZHAOTONG",27.189,103.409,12,6.2,7,615,3,云南:鲁甸、龙头山、昭通
2014,8,16,22,7,59.6,CHINA:  YUNNAN PROVINCE:  YONGSHAN,28.125,103.546,10,5,7,,,云南:永善
2014,10,7,13,49,39.7,CHINA:   YUNNAN PROVINCE:  YONGPING,23.383,100.47,9,6.1,4,1,1,云南:永平
2014,11,22,8,55,26.6,CHINA:  SICHUAN PROVINCE:  GARZE,30.34,101.737,9,5.9,3,5,1,四川:甘孜
2014,12,6,10,20,1.5,CHINA:  YUNNAN PROVINCE:  YONGPING,23.358,100.533,10,5.6,3,1,1,云南:永平
2015,1,14,5,21,38.8,CHINA:  SICHUAN PROVINCE:  LESHAN,29.353,103.199,10,5.3,6,,,四川:乐山
2015,2,20,22,37,50.3,CHINA:  YUNNAN PROVINCE,23.01,101.755,10,4.5,,,,云南
2015,2,22,6,42,54.7,CHINA:  XINJIANG PROVINCE:  SHAWAN,44.133,85.568,12,5.1,3,,,新疆:沙湾
2015,3,1,10,24,41.4,"CHINA:   YUNNAN PROVINCE:  CANGYUAN, GENGMA",23.566,98.854,10,5.2,,,,云南:沧源、耿马
2015,3,14,6,13,35,CHINA:  ANHUI PROVINCE:  FUYANG,33.15,115.8,10,4.6,,2,1,安徽:阜阳
2015,7,3,1,7,47.3,CHINA:  S. XINJIANG:  HOTAN,37.459,78.154,20,6.4,4,3,1,新疆:和田
2016,5,11,1,15,47.2,CHINA:  TIBET (XIZANG PROVINCE),32.022,95.027,8,5.2,,,,西藏
2016,5,17,17,5,17.5,CHINA: YUNNAN PROVINCE: SHIMEN,26.085,99.575,51,4.8,,2,1,云南: 石门
2016,7,31,9,18,14.2,CHINA:  GUANGXI PROVINCE,24.134,111.478,25,4.9,5,,,广西
2016,11,25,14,24,30.7,CHINA:  XINJIANG PROVINCE:  KASHGAR,39.273,73.978,17,6.6,7,1,1,新疆:喀什
2016,12,8,5,15,4.6,CHINA:  N. XINJIANG:  URUMQI,43.823,86.345,18,6,7,1,1,新疆:乌鲁木齐
2017,3,26,23,55,6.3,CHINA:   YUNNAN PROVINCE,25.938,99.841,28,5,2,,,云南
2017,5,10,21,58,21.7,"CHINA: XINJIANG: QUZGUN, TAXKORGAN TAJIK",37.643,75.31,8,5.4,3,8,1,新疆
2017,8,8,13,19,49.5,CHINA:  SICHUAN PROVINCE:  ABA,33.193,103.855,9,6.5,5,29,1,四川:阿坝州
2017,8,8,23,27,53.1,CHINA:  XINGJIANG: BORTALA,44.302,82.832,20,6.3,6,,,新疆:博尔塔拉
2017,11,17,22,34,19.5,CHINA:  TIBET (XIZANG PROVINCE): NYINGCHI,29.833,94.984,8,6.4,5,,,西藏:林芝
2017,11,23,9,43,34.7,CHINA: CHONGQING: WULONG,29.349,108.058,10,5.1,4,,,重庆:武隆
2018,5,27,17,50,52.6,CHINA:  JILIN PROVINCE:  NINGJIANG,45.236,124.642,10,5.3,5,,,吉林:宁江
2018,8,12,17,44,26.3,CHINA:   YUNNAN PROVINCE:  YUXI,24.298,102.91,10,5,4,,,云南:玉溪
2018,9,8,2,31,30.7,CHINA: YUNNAN PROVINCE:  MOJIANG HANI,23.332,101.578,8,5.7,4,,,云南:墨江哈尼族
2018,12,16,4,47,26,CHINA:  SICHUAN:  YIBIN,28.295,105.013,18,5.3,,,,四川:宜宾
2019,1,3,0,48,37,CHINA:  SICHUAN:  YIBIN,28.19,104.918,10,4.8,,,,四川:宜宾
2019,2,25,5,16,25,CHINA:  SICHUAN PROVINCE: RONGXIAN,29.47,104.609,10,4.9,,2,1,四川:容县
2019,5,17,22,24,52,CHINA:  JILIN PROVINCE:  SONGYUAN,45.205,124.611,17,4.8,,,,吉林:松原
2019,6,17,14,55,45,CHINA:  SICHUAN:  YIBIN,28.405,104.957,10,5.8,,13,1,四川:宜宾
2019,9,7,22,42,14,CHINA:  SICHUAN PROVINCE: NEIJIANG,29.573,105.064,10,5.1,,1,1,四川:内江
2019,11,25,1,18,21,CHINA:  GUANGXI PROVINCE,22.96,106.711,10,5,,1,1,广西
2019,12,18,0,14,7,CHINA:  SICHUAN PROVINCE: NEIJIANG,29.639,104.946,10,5.2,,,,四川:内江
2020,1,19,13,27,56,CHINA:  XINJIANG PROVINCE,39.831,77.106,6,6,,1,1,新疆
2020,4,1,12,23,27,CHINA:  QINGHAI PROVINCE,33.124,98.916,10,5.3,,,,青海
2020,5,18,13,48,3,CHINA:   YUNNAN PROVINCE:  QIAOJIA,27.296,103.281,10,5.2,,4,1,云南
2021,3,23,21,14,18,CHINA: XINGJIANG: AKSU,41.812,81.155,10,5.4,,3,1,新疆:阿克苏
2021,5,21,13,48,37,"CHINA: YUNNAN PROVINCE: YANGBI, YONGPING",25.761,100.011,9,6.1,8,3,1,云南:漾濞、永平
2021,5,21,18,4,13,CHINA: QINGHAI PROVINCE,34.598,98.251,10,7.3,9,20,1,青海
2021,9,15,20,33,32,CHINA: SICHUAN PROVINCE: LUXIAN (LU),29.182,105.391,10,5.4,7,3,1,四川:泸县
2022,1,2,7,2,13,CHINA:   YUNNAN PROVINCE,27.8,100.718,35,5.4,7,,,云南
2022,1,7,17,45,30,"CHINA: QINGHAI, GANSU",37.815,101.278,13,6.6,9,,,青海、甘肃
2022,6,1,9,0,8,CHINA: SICHUAN PROVINCE,30.416,102.989,10,5.9,7,4,1,四川
2022,6,9,17,28,37,CHINA:  SICHUAN PROVINCE,32.365,101.878,16,5.9,8,,,四川
2022,9,5,4,52,19,CHINA:  SICHUAN PROVINCE,29.726,102.279,16,6.8,9,118,3,四川:泸定
2023,5,2,15,27,23,CHINA:   YUNNAN PROVINCE,25.401,99.269,10,5.3,,,,云南
2023,8,5,18,33,58,CHINA: SHANGDONG PROVINCE: PINGYUAN,37.231,116.355,10,5.4,,,,山东
2023,12,18,15,59,30,CHINA:  GANSU PROVINCE: JISHISHAN,35.743,102.827,10,5.9,,151,3,甘肃:积石山
2024,1,22,18,9,4,CHINA: XINJIANG PROVINCE;  KAZAKHSTAN,41.269,78.649,13,7,,3,1,新疆
2025,1,7,1,5,16,CHINA:  TIBET (XIZANG PROVINCE),28.639,87.361,10,7.1,,126,3,西藏